class,kind,abstract,NOA,NOM,CIS,DAM,WMC,RFC,CBO,DCC,MPC,DAC,MOA,LCOM,CAM,DIT,NOC,ANA,MFA,NOP,NOP_strict
org.jfree.chart.ChartColor,class,0,24,1,1,0.0,2,1,0,0,0,0,0,0,,1,0,0,0.0,0,0
org.jfree.chart.ChartFactory,class,1,1,60,60,1.0,160,143,83,15,253,1,1,1768,0.1533,1,0,0,0.0,0,0
org.jfree.chart.ChartFrame,class,0,1,1,1,1.0,4,3,2,2,0,1,1,0,,1,0,0,0.0,0,0
org.jfree.chart.ChartHints,class,0,2,0,0,0.0,1,0,1,1,0,2,2,0,,1,0,0,0.0,0,0
org.jfree.chart.ChartHints.Key,class,0,0,1,1,,8,2,0,0,0,0,0,0,1.0,1,0,0,0.0,1,0
org.jfree.chart.ChartMouseEvent,class,0,4,3,3,1.0,4,3,2,2,0,2,2,3,,1,0,0,0.0,0,0
org.jfree.chart.ChartMouseListener,interface,0,0,2,0,,2,2,1,1,0,0,0,1,1.0,1,0,0,0.0,0,0
org.jfree.chart.ChartPanel,class,0,82,115,95,0.7439,338,304,24,9,76,4,4,5353,0.0297,1,1,0,0.0,16,0
org.jfree.chart.ChartRenderingInfo,class,0,4,10,8,1.0,20,18,3,2,0,2,2,0,0.1,1,0,0,0.0,2,0
org.jfree.chart.ChartTheme,interface,0,0,1,1,,1,1,1,1,0,0,0,0,1.0,1,0,0,0.0,0,0
org.jfree.chart.ChartTransferable,class,0,8,4,3,0.875,14,12,1,1,2,1,1,0,0.3333,1,0,0,0.0,3,0
org.jfree.chart.ChartUtilities,class,1,0,27,27,,31,52,11,4,35,0,0,351,0.2901,1,0,0,0.0,0,0
org.jfree.chart.ClipPath,class,0,9,21,21,1.0,33,35,1,1,4,0,0,190,0.0833,1,0,0,0.0,1,0
org.jfree.chart.DrawableLegendItem,class,0,8,16,16,1.0,17,20,1,1,0,1,1,116,0.0938,1,0,0,0.0,0,0
org.jfree.chart.Effect3D,interface,0,0,2,2,,2,2,0,0,0,0,0,1,,1,0,0,0.0,0,0
org.jfree.chart.HashUtilities,class,0,0,13,13,,34,24,0,0,0,0,0,78,0.1608,1,0,0,0.0,0,0
org.jfree.chart.JFreeChart,class,0,23,67,61,0.6957,153,154,25,12,46,3,3,1867,0.0308,1,0,0,0.0,5,0
org.jfree.chart.JFreeChartInfo,class,0,0,1,1,,4,20,1,0,1,0,0,0,,1,0,0,0.0,1,0
org.jfree.chart.LegendItem,class,0,26,47,44,1.0,82,67,2,1,20,1,1,901,0.035,1,0,0,0.0,2,0
org.jfree.chart.LegendItemCollection,class,0,2,7,7,1.0,11,15,1,1,0,0,0,0,0.1429,1,0,0,0.0,2,0
org.jfree.chart.LegendItemSource,interface,0,0,1,1,,1,1,1,0,0,0,0,0,,1,2,0,0.0,0,0
org.jfree.chart.LegendRenderingOrder,class,0,4,3,2,0.5,9,5,0,0,0,0,0,1,0.3333,1,0,0,0.0,2,0
org.jfree.chart.MouseWheelHandler,class,0,2,4,3,0.5,12,22,7,2,11,1,1,2,0.3333,1,0,0,0.0,1,0
org.jfree.chart.PaintMap,class,0,2,8,6,0.5,16,30,1,0,2,0,0,0,0.175,1,0,0,0.0,2,0
org.jfree.chart.PolarChartPanel,class,0,3,5,2,1.0,19,29,4,1,4,0,0,8,0.24,2,0,1,0.9573,3,3
org.jfree.chart.StandardChartTheme,class,0,33,92,69,1.0,203,207,49,27,165,5,5,3310,0.0184,1,0,0,0.0,3,0
org.jfree.chart.StrokeMap,class,0,2,8,6,0.5,16,30,1,0,2,0,0,0,0.175,1,0,0,0.0,2,0
org.jfree.chart.annotations.AbstractAnnotation,class,1,2,10,6,1.0,15,20,3,2,0,0,0,19,0.1167,1,3,0,0.0,3,0
org.jfree.chart.annotations.AbstractXYAnnotation,class,1,2,8,7,1.0,17,13,7,3,2,0,0,12,0.1806,2,9,1,0.5556,3,1
org.jfree.chart.annotations.Annotation,interface,0,0,2,2,,2,2,1,1,0,0,0,1,1.0,1,2,0,0.0,0,0
org.jfree.chart.annotations.CategoryAnnotation,interface,0,0,1,1,,1,1,4,3,0,0,0,0,1.0,2,0,1,0.6667,0,0
org.jfree.chart.annotations.CategoryLineAnnotation,class,0,7,18,16,0.8571,29,49,10,3,26,0,0,57,0.0648,2,0,1,0.28,6,3
org.jfree.chart.annotations.CategoryPointerAnnotation,class,0,14,22,20,0.6429,35,63,9,3,13,0,0,91,0.0661,4,0,3,0.5319,6,6
org.jfree.chart.annotations.CategoryTextAnnotation,class,0,4,10,10,1.0,19,38,10,4,15,1,1,13,0.1,3,1,2,0.6774,4,3
org.jfree.chart.annotations.TextAnnotation,class,0,12,16,14,0.5833,25,32,3,0,7,0,0,62,0.0703,2,1,1,0.3333,4,2
org.jfree.chart.annotations.XYAnnotation,interface,0,0,1,1,,1,1,4,3,0,0,0,0,1.0,2,0,1,0.6667,0,0
org.jfree.chart.annotations.XYAnnotationBoundsInfo,interface,0,0,3,3,,3,3,1,0,0,0,0,3,,1,0,0,0.0,0,0
org.jfree.chart.annotations.XYBoxAnnotation,class,0,8,6,4,1.0,24,29,6,3,9,0,0,0,0.1667,3,0,2,0.6667,6,6
org.jfree.chart.annotations.XYDataImageAnnotation,class,0,6,14,12,1.0,29,33,10,3,10,0,0,45,0.0714,3,0,2,0.4615,9,6
org.jfree.chart.annotations.XYDrawableAnnotation,class,0,7,4,4,1.0,17,23,7,3,8,0,0,0,0.25,3,0,2,0.7778,4,4
org.jfree.chart.annotations.XYImageAnnotation,class,0,5,10,8,1.0,23,32,8,3,9,0,0,21,0.1,3,0,2,0.5455,6,6
org.jfree.chart.annotations.XYLineAnnotation,class,0,7,6,4,1.0,22,31,8,3,16,0,0,0,0.1667,3,0,2,0.6667,6,6
org.jfree.chart.annotations.XYPointerAnnotation,class,0,14,22,20,0.6429,38,69,8,3,10,0,0,91,0.0644,4,0,3,0.6207,6,6
org.jfree.chart.annotations.XYPolygonAnnotation,class,0,5,10,8,1.0,30,39,8,3,15,0,0,0,0.1,3,0,2,0.5455,6,6
org.jfree.chart.annotations.XYShapeAnnotation,class,0,5,6,4,1.0,22,39,8,3,12,0,0,0,0.1667,3,0,2,0.6667,6,6
org.jfree.chart.annotations.XYTextAnnotation,class,0,18,30,28,0.7222,50,66,8,3,16,0,0,297,0.0437,3,1,2,0.2857,6,6
org.jfree.chart.annotations.XYTitleAnnotation,class,0,8,13,13,1.0,37,43,15,5,28,2,2,14,0.0865,3,0,2,0.5185,4,4
org.jfree.chart.axis.Axis,class,1,42,76,63,0.6429,159,149,11,7,54,2,2,2570,0.0441,1,2,0,0.0,7,4
org.jfree.chart.axis.AxisCollection,class,0,4,5,5,1.0,10,7,2,1,2,0,0,2,0.2,1,0,0,0.0,0,0
org.jfree.chart.axis.AxisLabelLocation,class,0,5,4,3,0.4,11,7,0,0,0,0,0,0,0.25,1,0,0,0.0,3,0
org.jfree.chart.axis.AxisLocation,class,0,6,6,5,0.3333,18,11,1,0,1,0,0,9,0.1667,1,0,0,0.0,3,0
org.jfree.chart.axis.AxisSpace,class,0,5,18,18,1.0,43,30,1,0,1,0,0,0,0.1556,1,0,0,0.0,4,0
org.jfree.chart.axis.AxisState,class,0,3,11,11,1.0,17,15,0,0,0,0,0,35,0.2727,1,0,0,0.0,0,0
org.jfree.chart.axis.CategoryAnchor,class,0,5,3,2,0.4,10,5,0,0,0,0,0,1,0.3333,1,0,0,0.0,2,0
org.jfree.chart.axis.CategoryAxis,class,0,14,53,41,0.8571,148,170,15,8,68,1,1,1218,0.0778,2,3,1,0.5546,9,9
org.jfree.chart.axis.CategoryAxis3D,class,0,1,3,3,1.0,22,26,7,2,11,0,0,3,0.4286,3,0,2,0.9746,3,3
org.jfree.chart.axis.CategoryLabelPosition,class,0,7,8,8,1.0,20,11,2,1,4,1,1,8,0.125,1,0,0,0.0,2,0
org.jfree.chart.axis.CategoryLabelPositions,class,0,10,9,9,0.5,21,13,2,1,12,4,4,30,0.2667,1,0,0,0.0,2,0
org.jfree.chart.axis.CategoryLabelWidthType,class,0,4,3,2,0.5,9,6,1,0,1,0,0,1,0.3333,1,0,0,0.0,2,0
org.jfree.chart.axis.CategoryTick,class,0,3,5,5,1.0,12,8,1,0,0,0,0,0,0.2,2,0,1,0.5455,2,1
org.jfree.chart.axis.ColorBar,class,0,10,16,15,0.7,40,60,8,5,5,2,2,0,0.1313,1,0,0,0.0,3,0
org.jfree.chart.axis.CompassFormat,class,0,1,4,4,0.0,9,8,1,0,1,0,0,6,0.375,1,0,0,0.0,3,0
org.jfree.chart.axis.CyclicNumberAxis,class,0,11,30,22,0.7273,137,96,11,6,32,1,1,283,0.1133,4,0,3,0.8324,14,14
org.jfree.chart.axis.CyclicNumberAxis.CycleBoundTick,class,0,1,0,0,0.0,1,0,1,0,0,0,0,0,,4,0,3,1.0,0,0
org.jfree.chart.axis.DateAxis,class,0,12,49,37,0.6667,169,159,19,8,100,6,6,1008,0.0782,3,0,2,0.7216,14,14
org.jfree.chart.axis.DateAxis.DefaultTimeline,class,0,0,8,8,,11,9,1,0,0,0,0,28,0.3333,1,0,0,0.0,8,0
org.jfree.chart.axis.DateTick,class,0,1,3,3,1.0,8,8,3,1,1,0,0,0,0.3333,3,0,2,0.7273,2,1
org.jfree.chart.axis.DateTickMarkPosition,class,0,5,3,2,0.4,10,5,0,0,0,0,0,1,0.3333,1,0,0,0.0,2,0
org.jfree.chart.axis.DateTickUnit,class,0,15,22,18,0.5333,59,41,3,1,16,2,2,169,0.0909,2,0,1,0.12,4,3
org.jfree.chart.axis.DateTickUnitType,class,0,9,4,3,0.2222,15,6,0,0,0,0,0,4,0.25,1,0,0,0.0,2,0
org.jfree.chart.axis.ExtendedCategoryAxis,class,0,4,10,7,0.75,22,25,3,0,2,0,0,0,0.11,3,0,2,0.9187,5,5
org.jfree.chart.axis.LogAxis,class,0,7,39,29,1.0,102,129,15,4,52,1,1,579,0.1007,3,0,2,0.7651,13,13
org.jfree.chart.axis.LogTick,class,0,1,1,1,0.0,2,1,2,1,0,0,0,0,,3,0,2,0.9,0,0
org.jfree.chart.axis.LogarithmicAxis,class,0,10,27,18,0.8,151,69,6,1,11,0,0,241,0.1728,4,0,3,0.8525,7,7
org.jfree.chart.axis.MarkerAxisBand,class,0,8,6,5,1.0,18,43,2,2,6,1,1,0,0.2381,1,0,0,0.0,2,0
org.jfree.chart.axis.ModuloAxis,class,0,3,16,9,1.0,40,41,3,1,0,1,1,0,0.3594,4,0,3,0.907,7,7
org.jfree.chart.axis.MonthDateFormat,class,0,3,3,3,1.0,19,15,1,0,1,0,0,1,0.3333,1,0,0,0.0,3,0
org.jfree.chart.axis.NumberAxis,class,0,11,36,25,0.6364,110,119,16,6,33,4,4,592,0.0873,3,5,2,0.7844,9,9
org.jfree.chart.axis.NumberAxis3D,class,0,1,1,1,1.0,11,17,7,1,4,0,0,0,1.0,4,0,3,0.9939,1,1
org.jfree.chart.axis.NumberTick,class,0,1,1,1,1.0,3,2,2,1,0,0,0,0,,3,1,2,0.9,0,0
org.jfree.chart.axis.NumberTickUnit,class,0,2,4,4,1.0,12,11,2,0,2,0,0,0,0.25,2,0,1,0.4286,4,3
org.jfree.chart.axis.NumberTickUnitSource,class,0,10,9,4,1.0,42,23,3,1,2,0,0,0,0.1481,1,0,0,0.0,4,0
org.jfree.chart.axis.PeriodAxis,class,0,15,43,35,1.0,118,141,12,7,52,3,3,625,0.0586,3,0,2,0.7378,19,19
org.jfree.chart.axis.PeriodAxisLabelInfo,class,0,14,15,13,0.6429,28,29,2,0,7,0,0,59,0.0889,1,0,0,0.0,3,0
org.jfree.chart.axis.QuarterDateFormat,class,0,6,3,3,0.5,12,10,1,0,1,0,0,1,0.3333,1,0,0,0.0,3,0
org.jfree.chart.axis.SegmentedTimeline,class,0,21,44,41,0.6667,93,88,4,1,41,0,0,832,0.0909,1,0,0,0.0,10,0
org.jfree.chart.axis.SegmentedTimeline.Segment,class,0,4,27,26,1.0,44,42,0,0,0,0,0,175,0.1481,1,1,0,0.0,2,0
org.jfree.chart.axis.SegmentedTimeline.SegmentRange,class,0,1,5,5,1.0,11,14,1,0,2,0,0,10,0.4,2,1,1,0.8077,5,5
org.jfree.chart.axis.SegmentedTimeline.BaseTimelineSegmentRange,class,0,0,0,0,,1,0,1,0,0,0,0,0,,3,0,2,1.0,0,0
org.jfree.chart.axis.StandardTickUnitSource,class,0,1,5,5,1.0,7,10,3,1,1,0,0,8,0.2667,1,0,0,0.0,5,0
org.jfree.chart.axis.SubCategoryAxis,class,0,4,13,9,1.0,41,61,9,4,16,0,0,24,0.1264,3,0,2,0.896,6,6
org.jfree.chart.axis.SymbolAxis,class,0,7,20,11,0.7143,72,82,9,2,7,0,0,102,0.1542,4,0,3,0.8851,9,9
org.jfree.chart.axis.Tick,class,1,5,7,7,1.0,14,10,1,0,2,0,0,9,0.1429,1,2,0,0.0,3,0
org.jfree.chart.axis.TickType,class,0,3,3,2,0.3333,9,4,0,0,0,0,0,1,0.3333,1,0,0,0.0,2,0
org.jfree.chart.axis.TickUnit,class,1,3,6,6,1.0,16,9,0,0,0,0,0,1,0.25,1,2,0,0.0,3,0
org.jfree.chart.axis.TickUnitSource,interface,0,0,3,3,,3,3,1,1,0,0,0,3,0.5,1,0,0,0.0,0,0
org.jfree.chart.axis.TickUnits,class,0,2,8,8,1.0,14,18,3,1,0,0,0,0,0.1875,1,0,0,0.0,5,0
org.jfree.chart.axis.Timeline,interface,0,0,7,0,,7,7,0,0,0,0,0,21,0.5,1,0,0,0.0,0,0
org.jfree.chart.axis.ValueAxis,class,1,30,71,60,0.6667,178,169,11,5,50,4,4,2227,0.0669,2,4,1,0.4929,9,9
org.jfree.chart.axis.ValueTick,class,1,2,3,3,1.0,9,4,2,1,0,1,1,0,0.3333,2,3,1,0.6667,1,1
org.jfree.chart.block.AbstractBlock,class,0,8,38,25,1.0,57,71,5,4,21,1,1,487,0.0636,1,6,0,0.0,2,0
org.jfree.chart.block.Arrangement,interface,0,0,3,3,,3,3,3,3,0,0,0,3,0.3333,1,0,0,0.0,0,0
org.jfree.chart.block.Block,interface,0,0,7,7,,7,7,1,1,0,0,0,21,0.2286,1,0,0,0.0,0,0
org.jfree.chart.block.BlockBorder,class,0,4,6,4,0.75,19,24,2,0,2,0,0,0,0.1667,1,0,0,0.0,3,0
org.jfree.chart.block.BlockContainer,class,0,3,12,12,1.0,25,37,11,3,8,1,1,22,0.1667,2,1,1,0.7333,5,3
org.jfree.chart.block.BlockFrame,interface,0,0,2,2,,2,2,0,0,0,0,0,1,0.5,1,0,0,0.0,0,0
org.jfree.chart.block.BlockParams,class,0,3,6,6,1.0,7,6,1,0,0,0,0,9,0.25,1,0,0,0.0,1,0
org.jfree.chart.block.BlockResult,class,0,1,2,2,1.0,3,2,2,1,0,1,1,1,0.5,1,0,0,0.0,1,0
org.jfree.chart.block.BorderArrangement,class,0,6,9,4,1.0,70,32,6,4,25,5,5,0,0.3175,1,0,0,0.0,4,0
org.jfree.chart.block.CenterArrangement,class,0,1,12,4,1.0,31,35,5,3,21,0,0,66,0.4833,1,0,0,0.0,4,0
org.jfree.chart.block.ColorBlock,class,0,2,7,5,0.5,11,27,4,1,1,0,0,1,0.2381,2,0,1,0.8205,6,4
org.jfree.chart.block.ColumnArrangement,class,0,5,9,4,1.0,42,35,5,3,18,0,0,30,0.4444,1,0,0,0.0,4,0
org.jfree.chart.block.EmptyBlock,class,0,1,4,4,1.0,5,15,3,1,1,0,0,6,0.4375,2,0,1,0.8947,4,2
org.jfree.chart.block.EntityBlockParams,interface,0,0,1,1,,1,1,0,0,0,0,0,0,,1,0,0,0.0,0,0
org.jfree.chart.block.EntityBlockResult,interface,0,0,1,1,,1,1,1,0,0,0,0,0,,1,0,0,0.0,0,0
org.jfree.chart.block.FlowArrangement,class,0,5,12,4,1.0,46,41,5,3,24,0,0,60,0.4833,1,0,0,0.0,4,0
org.jfree.chart.block.GridArrangement,class,0,3,13,4,1.0,51,43,5,3,41,0,0,58,0.4923,1,0,0,0.0,4,0
org.jfree.chart.block.LabelBlock,class,0,10,19,17,0.8,36,46,8,1,6,0,0,79,0.0766,2,0,1,0.62,7,5
org.jfree.chart.block.LengthConstraintType,class,0,5,4,3,0.4,11,7,0,0,0,0,0,0,0.25,1,0,0,0.0,3,0
org.jfree.chart.block.LineBorder,class,0,4,7,5,0.75,20,32,2,0,3,0,0,0,0.1429,1,0,0,0.0,3,0
org.jfree.chart.block.RectangleConstraint,class,0,7,14,14,0.8571,33,18,3,2,6,4,4,0,0.119,1,0,0,0.0,1,0
org.jfree.chart.demo.BarChartDemo1,class,0,1,3,1,1.0,4,24,9,1,17,0,0,3,0.3333,1,0,0,0.0,0,0
org.jfree.chart.demo.PieChartDemo1,class,0,1,5,2,1.0,6,38,7,1,34,0,0,10,0.2,1,0,0,0.0,0,0
org.jfree.chart.demo.TimeSeriesChartDemo1,class,0,1,4,2,1.0,6,30,11,1,56,0,0,6,0.25,1,0,0,0.0,0,0
org.jfree.chart.editor.ChartEditor,interface,0,0,1,1,,1,1,1,1,0,0,0,0,1.0,1,0,0,0.0,0,0
org.jfree.chart.editor.ChartEditorFactory,interface,0,0,1,1,,1,1,2,1,0,0,0,0,1.0,1,0,0,0.0,0,0
org.jfree.chart.editor.ChartEditorManager,class,0,1,3,3,0.0,4,5,4,2,2,1,1,1,0.3333,1,0,0,0.0,0,0
org.jfree.chart.editor.DefaultAxisEditor,class,0,15,16,14,1.0,28,58,3,1,18,0,0,114,0.0938,1,1,0,0.0,1,0
org.jfree.chart.editor.DefaultChartEditor,class,0,5,7,6,1.0,11,34,7,3,7,2,2,15,0.1429,1,0,0,0.0,2,0
org.jfree.chart.editor.DefaultChartEditorFactory,class,0,0,1,1,,2,1,4,1,0,0,0,0,1.0,1,0,0,0.0,1,0
org.jfree.chart.editor.DefaultColorBarEditor,class,0,7,4,3,1.0,10,32,6,2,9,2,2,2,0.375,4,0,3,0.8824,2,2
org.jfree.chart.editor.DefaultLogAxisEditor,class,0,2,6,5,1.0,13,29,4,2,2,0,0,0,0.1667,3,0,2,0.8125,5,5
org.jfree.chart.editor.DefaultNumberAxisEditor,class,0,2,6,5,1.0,13,32,4,2,2,0,0,0,0.1667,3,1,2,0.8125,5,5
org.jfree.chart.editor.DefaultPlotEditor,class,0,18,16,8,1.0,72,69,9,4,28,4,4,76,0.125,1,1,0,0.0,1,0
org.jfree.chart.editor.DefaultPolarPlotEditor,class,0,4,8,6,1.0,17,34,4,2,4,0,0,12,0.2083,2,0,1,0.619,5,3
org.jfree.chart.editor.DefaultTitleEditor,class,0,9,9,7,1.0,19,43,3,2,9,0,0,24,0.1111,1,0,0,0.0,1,0
org.jfree.chart.editor.DefaultValueAxisEditor,class,0,12,18,11,1.0,35,56,3,2,7,0,0,99,0.0667,2,2,1,0.4194,4,2
org.jfree.chart.editor.PaletteChooserPanel,class,0,1,1,1,1.0,2,7,3,1,1,0,0,0,,1,0,0,0.0,0,0
org.jfree.chart.editor.PaletteSample,class,0,2,5,5,1.0,8,18,1,1,0,1,1,8,0.2,1,0,0,0.0,3,0
org.jfree.chart.encoders.EncoderUtil,class,0,0,8,8,,8,10,2,0,16,0,0,28,0.7,1,0,0,0.0,0,0
org.jfree.chart.encoders.ImageEncoder,interface,0,0,6,6,,6,6,0,0,0,0,0,15,0.2083,1,0,0,0.0,0,0
org.jfree.chart.encoders.ImageEncoderFactory,class,0,1,6,5,1.0,8,13,1,0,4,0,0,15,0.5,1,0,0,0.0,0,0
org.jfree.chart.encoders.ImageFormat,interface,0,3,0,0,0.0,0,0,0,0,0,0,0,0,,1,0,0,0.0,0,0
org.jfree.chart.encoders.KeypointPNGEncoderAdapter,class,0,2,6,6,1.0,6,9,2,0,3,0,0,5,0.2083,1,0,0,0.0,6,0
org.jfree.chart.encoders.SunJPEGEncoderAdapter,class,0,1,6,6,1.0,9,20,2,0,2,0,0,13,0.2083,1,0,0,0.0,6,0
org.jfree.chart.encoders.SunPNGEncoderAdapter,class,0,0,6,6,,6,10,2,0,2,0,0,15,0.2083,1,0,0,0.0,6,0
org.jfree.chart.entity.AxisEntity,class,0,2,7,5,1.0,16,22,4,1,3,1,1,21,0.1429,2,0,1,0.6111,6,6
org.jfree.chart.entity.CategoryItemEntity,class,0,7,14,14,1.0,24,21,3,1,7,1,1,45,0.125,2,0,1,0.5172,2,2
org.jfree.chart.entity.CategoryLabelEntity,class,0,1,4,4,1.0,8,11,2,0,1,0,0,0,0.25,3,0,2,0.7778,3,3
org.jfree.chart.entity.ChartEntity,class,0,4,17,13,1.0,38,42,4,2,8,0,0,62,0.0735,1,11,0,0.0,4,0
org.jfree.chart.entity.ContourEntity,class,0,2,4,4,1.0,10,6,1,0,0,0,0,4,0.25,2,0,1,0.7895,2,2
org.jfree.chart.entity.EntityCollection,interface,0,0,8,8,,8,8,1,1,0,0,0,28,0.125,1,0,0,0.0,0,0
org.jfree.chart.entity.JFreeChartEntity,class,0,2,7,5,1.0,16,22,4,1,3,1,1,21,0.1429,2,0,1,0.6111,6,6
org.jfree.chart.entity.LegendItemEntity,class,0,4,9,9,1.0,15,12,2,1,0,1,1,14,0.1111,2,0,1,0.6087,3,3
org.jfree.chart.entity.PieSectionEntity,class,0,5,11,11,1.0,18,15,3,1,2,1,1,9,0.1136,2,0,1,0.56,3,3
org.jfree.chart.entity.PlotEntity,class,0,2,7,5,1.0,16,22,4,1,3,1,1,21,0.1429,2,0,1,0.6111,6,6
org.jfree.chart.entity.StandardEntityCollection,class,0,2,10,10,1.0,16,23,3,2,4,0,0,0,0.1,1,0,0,0.0,10,0
org.jfree.chart.entity.TickLabelEntity,class,0,1,0,0,1.0,1,0,1,0,0,0,0,0,,2,1,1,1.0,0,0
org.jfree.chart.entity.TitleEntity,class,0,2,7,5,1.0,16,22,4,1,3,1,1,21,0.1429,2,0,1,0.6111,6,6
org.jfree.chart.entity.XYAnnotationEntity,class,0,2,3,3,1.0,8,4,1,0,0,0,0,0,0.3333,2,0,1,0.8421,1,1
org.jfree.chart.entity.XYItemEntity,class,0,4,8,8,1.0,14,12,2,1,0,1,1,24,0.1667,2,0,1,0.6522,2,2
org.jfree.chart.event.AnnotationChangeEvent,class,0,1,1,1,1.0,2,2,3,1,1,1,1,0,,2,0,1,0.8,0,0
org.jfree.chart.event.AnnotationChangeListener,interface,0,0,1,1,,1,1,1,1,0,0,0,0,1.0,1,0,0,0.0,0,0
org.jfree.chart.event.AxisChangeEvent,class,0,1,1,1,1.0,2,1,2,1,0,1,1,0,,2,0,1,0.8,0,0
org.jfree.chart.event.AxisChangeListener,interface,0,0,1,1,,1,1,1,1,0,0,0,0,1.0,1,0,0,0.0,0,0
org.jfree.chart.event.ChartChangeEvent,class,0,2,4,4,1.0,7,4,2,2,0,2,2,6,0.25,1,7,0,0.0,0,0
org.jfree.chart.event.ChartChangeEventType,class,0,5,4,3,0.4,11,7,0,0,0,0,0,0,0.25,1,0,0,0.0,3,0
org.jfree.chart.event.ChartChangeListener,interface,0,0,1,1,,1,1,1,1,0,0,0,0,1.0,1,0,0,0.0,0,0
org.jfree.chart.event.ChartProgressEvent,class,0,5,6,6,0.6,7,6,1,1,0,1,1,15,0.25,1,0,0,0.0,0,0
org.jfree.chart.event.ChartProgressListener,interface,0,0,1,1,,1,1,1,1,0,0,0,0,1.0,1,0,0,0.0,0,0
org.jfree.chart.event.MarkerChangeEvent,class,0,1,1,1,1.0,2,1,2,1,0,1,1,0,,2,0,1,0.8,0,0
org.jfree.chart.event.MarkerChangeListener,interface,0,0,1,1,,1,1,1,1,0,0,0,0,1.0,1,0,0,0.0,0,0
org.jfree.chart.event.OverlayChangeEvent,class,0,0,0,0,,1,0,0,0,0,0,0,0,,1,0,0,0.0,0,0
org.jfree.chart.event.OverlayChangeListener,interface,0,0,1,1,,1,1,1,1,0,0,0,0,1.0,1,0,0,0.0,0,0
org.jfree.chart.event.PlotChangeEvent,class,0,1,1,1,1.0,2,1,2,1,0,1,1,0,,2,0,1,0.8,0,0
org.jfree.chart.event.PlotChangeListener,interface,0,0,1,1,,1,1,1,1,0,0,0,0,1.0,1,0,0,0.0,0,0
org.jfree.chart.event.RendererChangeEvent,class,0,2,2,2,1.0,4,2,1,0,0,0,0,1,,2,0,1,0.6667,0,0
org.jfree.chart.event.RendererChangeListener,interface,0,0,1,1,,1,1,1,1,0,0,0,0,1.0,1,0,0,0.0,0,0
org.jfree.chart.event.TitleChangeEvent,class,0,1,1,1,1.0,2,1,2,1,0,1,1,0,,2,0,1,0.8,0,0
org.jfree.chart.event.TitleChangeListener,interface,0,0,1,1,,1,1,1,1,0,0,0,0,1.0,1,0,0,0.0,0,0
org.jfree.chart.fx.ChartCanvas,class,0,10,26,19,1.0,71,75,16,5,10,6,6,199,0.0885,1,0,0,0.0,2,0
org.jfree.chart.fx.ChartViewer,class,0,4,17,11,1.0,31,54,7,3,15,2,2,102,0.0824,1,0,0,0.0,3,0
org.jfree.chart.fx.ChartViewerSkin,class,0,2,10,9,1.0,11,37,7,4,2,1,1,3,0.1333,1,0,0,0.0,0,0
org.jfree.chart.fx.FXGraphics2D,class,0,19,87,75,0.9474,163,243,1,1,0,0,0,3351,0.0479,1,0,0,0.0,70,0
org.jfree.chart.fx.demo.BarChartFXDemo1,class,0,0,6,4,,6,28,11,2,15,0,0,15,0.2083,1,0,0,0.0,3,0
org.jfree.chart.fx.demo.PieChartFXDemo1,class,0,0,5,2,,5,36,7,1,31,0,0,10,0.2,1,0,0,0.0,1,0
org.jfree.chart.fx.demo.TimeSeriesChartFXDemo1,class,0,0,4,2,,5,38,11,1,308,0,0,6,0.25,1,0,0,0.0,1,0
org.jfree.chart.fx.interaction.AbstractMouseHandlerFX,class,0,6,10,10,1.0,15,15,3,1,1,0,0,45,0.35,1,6,0,0.0,9,0
org.jfree.chart.fx.interaction.AnchorHandlerFX,class,0,1,2,2,1.0,5,6,2,1,1,0,0,0,1.0,2,0,1,0.8,2,2
org.jfree.chart.fx.interaction.ChartMouseEventFX,class,0,4,3,3,1.0,4,3,2,2,0,2,2,3,,1,0,0,0.0,0,0
org.jfree.chart.fx.interaction.ChartMouseListenerFX,interface,0,0,2,0,,2,2,1,1,0,0,0,1,1.0,1,0,0,0.0,0,0
org.jfree.chart.fx.interaction.DispatchHandlerFX,class,0,1,3,3,1.0,6,8,2,1,2,0,0,1,1.0,2,0,1,0.7,3,3
org.jfree.chart.fx.interaction.MouseHandlerFX,interface,0,0,9,0,,9,9,1,1,0,0,0,36,0.4815,1,0,0,0.0,0,0
org.jfree.chart.fx.interaction.PanHandlerFX,class,0,3,3,3,1.0,15,23,6,1,20,0,0,0,1.0,2,0,1,0.7,3,3
org.jfree.chart.fx.interaction.ScrollHandlerFX,class,0,1,4,3,1.0,11,19,9,2,11,0,0,4,0.375,2,0,1,0.6923,1,1
org.jfree.chart.fx.interaction.TooltipHandlerFX,class,0,0,2,1,,7,13,6,1,6,0,0,1,0.6667,2,0,1,0.8182,1,1
org.jfree.chart.fx.interaction.ZoomHandlerFX,class,0,2,5,3,1.0,28,35,6,2,34,1,1,4,0.5,2,0,1,0.5833,3,3
org.jfree.chart.imagemap.DynamicDriveToolTipTagFragmentGenerator,class,0,2,1,1,1.0,3,2,2,0,2,0,0,0,1.0,1,0,0,0.0,1,0
org.jfree.chart.imagemap.ImageMapUtilities,class,0,0,7,7,,24,23,9,3,8,0,0,21,0.4762,1,0,0,0.0,0,0
org.jfree.chart.imagemap.OverLIBToolTipTagFragmentGenerator,class,0,0,1,1,,2,2,2,0,1,0,0,0,1.0,1,0,0,0.0,1,0
org.jfree.chart.imagemap.StandardToolTipTagFragmentGenerator,class,0,0,1,1,,2,2,2,0,1,0,0,0,1.0,1,0,0,0.0,1,0
org.jfree.chart.imagemap.StandardURLTagFragmentGenerator,class,0,0,1,1,,2,1,1,0,0,0,0,0,1.0,1,0,0,0.0,1,0
org.jfree.chart.imagemap.ToolTipTagFragmentGenerator,interface,0,0,1,1,,1,1,0,0,0,0,0,0,1.0,1,0,0,0.0,0,0
org.jfree.chart.imagemap.URLTagFragmentGenerator,interface,0,0,1,1,,1,1,0,0,0,0,0,0,1.0,1,0,0,0.0,0,0
org.jfree.chart.labels.AbstractCategoryItemLabelGenerator,class,1,6,10,8,1.0,24,24,4,1,17,0,0,7,0.3,1,2,0,0.0,3,0
org.jfree.chart.labels.AbstractPieItemLabelGenerator,class,0,4,8,6,1.0,20,18,4,1,8,0,0,0,0.2083,1,2,0,0.0,3,0
org.jfree.chart.labels.AbstractXYItemLabelGenerator,class,0,7,11,10,1.0,32,26,3,1,12,0,0,0,0.1515,1,4,0,0.0,3,0
org.jfree.chart.labels.BoxAndWhiskerToolTipGenerator,class,0,2,2,1,0.5,7,14,4,1,8,0,0,1,0.5,3,0,2,0.8182,2,2
org.jfree.chart.labels.BoxAndWhiskerXYToolTipGenerator,class,0,2,2,1,0.5,8,18,4,1,8,0,0,1,0.5,3,0,2,0.8333,2,2
org.jfree.chart.labels.BubbleXYItemLabelGenerator,class,0,4,7,6,0.5,19,25,6,2,8,0,0,3,0.25,2,0,1,0.5,5,4
org.jfree.chart.labels.CategoryItemLabelGenerator,interface,0,0,3,3,,3,3,1,1,0,0,0,3,1.0,1,0,0,0.0,0,0
org.jfree.chart.labels.CategorySeriesLabelGenerator,interface,0,0,1,1,,1,1,1,1,0,0,0,0,1.0,1,0,0,0.0,0,0
org.jfree.chart.labels.CategoryToolTipGenerator,interface,0,0,1,1,,1,1,1,1,0,0,0,0,1.0,1,0,0,0.0,0,0
org.jfree.chart.labels.ContourToolTipGenerator,interface,0,0,1,1,,1,1,1,1,0,0,0,0,1.0,1,0,0,0.0,0,0
org.jfree.chart.labels.CrosshairLabelGenerator,interface,0,0,1,1,,1,1,1,1,0,0,0,0,1.0,1,0,0,0.0,0,0
org.jfree.chart.labels.CustomXYToolTipGenerator,class,0,2,7,7,1.0,20,15,2,1,0,0,0,1,0.2143,1,0,0,0.0,3,0
org.jfree.chart.labels.HighLowItemLabelGenerator,class,0,3,5,5,1.0,21,20,5,1,8,0,0,0,0.3333,1,0,0,0.0,5,0
org.jfree.chart.labels.IntervalCategoryItemLabelGenerator,class,0,2,1,0,0.5,9,11,4,1,5,0,0,0,1.0,3,0,2,0.9091,1,1
org.jfree.chart.labels.IntervalCategoryToolTipGenerator,class,0,2,2,1,0.5,12,13,3,1,5,0,0,1,0.5,3,0,2,0.8182,2,2
org.jfree.chart.labels.IntervalXYItemLabelGenerator,class,0,1,4,3,0.0,25,26,4,1,10,0,0,6,0.4167,2,0,1,0.6667,4,3
org.jfree.chart.labels.ItemLabelAnchor,class,0,27,3,2,0.0741,32,5,0,0,0,0,0,1,0.3333,1,0,0,0.0,2,0
org.jfree.chart.labels.ItemLabelPosition,class,0,5,5,5,1.0,14,7,2,1,3,1,1,2,0.2,1,0,0,0.0,1,0
org.jfree.chart.labels.MultipleXYSeriesLabelGenerator,class,0,5,7,6,0.8,19,24,4,1,6,0,0,0,0.2857,1,0,0,0.0,4,0
org.jfree.chart.labels.PieSectionLabelGenerator,interface,0,0,2,2,,2,2,1,1,0,0,0,1,1.0,1,0,0,0.0,0,0
org.jfree.chart.labels.PieToolTipGenerator,interface,0,0,1,1,,1,1,1,1,0,0,0,0,1.0,1,0,0,0.0,0,0
org.jfree.chart.labels.StandardCategoryItemLabelGenerator,class,0,2,2,2,0.5,8,5,3,1,0,0,0,1,0.5,2,1,1,0.8182,2,1
org.jfree.chart.labels.StandardCategorySeriesLabelGenerator,class,0,3,5,4,0.6667,10,13,4,1,4,0,0,4,0.3333,1,0,0,0.0,4,0
org.jfree.chart.labels.StandardCategoryToolTipGenerator,class,0,2,2,2,0.5,7,5,3,1,0,0,0,1,0.5,2,2,1,0.8182,2,1
org.jfree.chart.labels.StandardContourToolTipGenerator,class,0,2,2,2,1.0,7,10,2,1,4,0,0,0,0.5,1,0,0,0.0,2,0
org.jfree.chart.labels.StandardCrosshairLabelGenerator,class,0,2,5,5,1.0,13,10,2,1,1,0,0,0,0.2,1,0,0,0.0,3,0
org.jfree.chart.labels.StandardPieSectionLabelGenerator,class,0,3,6,6,0.6667,14,16,3,1,1,0,0,3,0.2667,2,0,1,0.4545,4,3
org.jfree.chart.labels.StandardPieToolTipGenerator,class,0,3,2,2,0.3333,7,7,3,1,0,0,0,1,0.5,2,0,1,0.7778,2,1
org.jfree.chart.labels.StandardXYItemLabelGenerator,class,0,2,3,3,0.5,11,7,3,1,0,0,0,3,0.3333,2,0,1,0.75,3,2
org.jfree.chart.labels.StandardXYSeriesLabelGenerator,class,0,3,5,4,0.6667,10,13,4,1,4,0,0,4,0.3333,1,0,0,0.0,4,0
org.jfree.chart.labels.StandardXYToolTipGenerator,class,0,2,4,4,0.5,11,9,3,1,0,0,0,6,0.25,2,2,1,0.6923,3,2
org.jfree.chart.labels.StandardXYZToolTipGenerator,class,0,4,6,5,0.75,17,23,5,2,6,0,0,5,0.2917,3,0,2,0.5714,4,4
org.jfree.chart.labels.SymbolicXYItemLabelGenerator,class,0,1,6,5,1.0,12,13,4,1,3,0,0,15,0.2917,1,0,0,0.0,5,0
org.jfree.chart.labels.XYItemLabelGenerator,interface,0,0,1,1,,1,1,1,1,0,0,0,0,1.0,1,0,0,0.0,0,0
org.jfree.chart.labels.XYSeriesLabelGenerator,interface,0,0,1,1,,1,1,1,1,0,0,0,0,1.0,1,0,0,0.0,0,0
org.jfree.chart.labels.XYToolTipGenerator,interface,0,0,1,1,,1,1,1,1,0,0,0,0,1.0,1,1,0,0.0,0,0
org.jfree.chart.labels.XYZToolTipGenerator,interface,0,0,1,1,,1,1,2,1,0,0,0,0,1.0,2,0,1,0.0,1,1
org.jfree.chart.needle.ArrowNeedle,class,0,2,4,3,1.0,14,22,2,0,1,0,0,0,0.25,2,1,1,0.84,4,3
org.jfree.chart.needle.LineNeedle,class,0,1,4,3,1.0,8,18,1,0,0,0,0,6,0.25,2,0,1,0.84,4,3
org.jfree.chart.needle.LongNeedle,class,0,1,4,3,1.0,13,30,1,0,0,0,0,6,0.25,2,0,1,0.84,4,3
org.jfree.chart.needle.MeterNeedle,class,1,9,24,20,1.0,41,45,1,0,7,0,0,130,0.0947,1,8,0,0.0,3,1
org.jfree.chart.needle.MiddlePinNeedle,class,0,1,4,3,1.0,11,21,1,0,0,0,0,6,0.25,2,0,1,0.84,4,3
org.jfree.chart.needle.PinNeedle,class,0,1,4,3,1.0,10,21,1,0,0,0,0,6,0.25,2,0,1,0.84,4,3
org.jfree.chart.needle.PlumNeedle,class,0,1,4,3,1.0,9,22,1,0,0,0,0,6,0.25,2,0,1,0.84,4,3
org.jfree.chart.needle.PointerNeedle,class,0,1,4,3,1.0,12,29,1,0,0,0,0,6,0.25,2,0,1,0.84,4,3
org.jfree.chart.needle.ShipNeedle,class,0,1,4,3,1.0,10,21,1,0,0,0,0,6,0.25,2,0,1,0.84,4,3
org.jfree.chart.needle.WindNeedle,class,0,1,3,2,1.0,10,12,1,0,0,0,0,3,0.3333,3,0,2,0.88,3,3
org.jfree.chart.panel.AbstractOverlay,class,0,1,4,3,1.0,7,9,3,2,2,0,0,0,0.375,1,1,0,0.0,0,0
org.jfree.chart.panel.CrosshairOverlay,class,0,2,19,12,1.0,89,86,8,2,39,0,0,93,0.1345,2,0,1,0.1739,4,0
org.jfree.chart.panel.Overlay,interface,0,0,3,3,,3,3,2,2,0,0,0,3,0.4444,1,0,0,0.0,0,0
org.jfree.chart.plot.AbstractPieLabelDistributor,class,1,1,5,5,1.0,6,10,2,1,1,0,0,0,0.2,1,1,0,0.0,1,1
org.jfree.chart.plot.CategoryCrosshairState,class,0,2,6,6,1.0,13,14,2,1,0,0,0,11,0.4167,2,0,1,0.7778,1,1
org.jfree.chart.plot.CategoryMarker,class,0,2,5,5,1.0,13,9,3,0,1,0,0,6,0.2,2,0,1,0.8684,1,1
org.jfree.chart.plot.CategoryPlot,class,0,60,218,195,0.8667,564,462,37,20,150,13,13,22527,0.0337,2,2,1,0.1926,27,12
org.jfree.chart.plot.CenterTextMode,enum,0,0,0,0,,0,0,0,0,0,0,0,0,,1,0,0,0.0,0,0
org.jfree.chart.plot.ColorPalette,class,1,12,25,25,1.0,53,41,0,0,0,0,0,182,0.0933,1,2,0,0.0,4,1
org.jfree.chart.plot.CombinedDomainCategoryPlot,class,0,4,23,21,1.0,73,98,15,9,53,0,0,67,0.0897,3,0,2,0.9164,15,14
org.jfree.chart.plot.CombinedDomainXYPlot,class,0,4,27,25,1.0,82,107,16,9,61,1,1,75,0.088,3,0,2,0.9059,19,18
org.jfree.chart.plot.CombinedRangeCategoryPlot,class,0,4,18,15,1.0,63,89,15,8,50,0,0,0,0.0778,3,0,2,0.9341,11,10
org.jfree.chart.plot.CombinedRangeXYPlot,class,0,4,26,24,1.0,79,108,16,9,59,1,1,49,0.0889,3,0,2,0.9094,18,17
org.jfree.chart.plot.CompassPlot,class,0,20,32,29,0.85,92,81,17,4,10,2,2,324,0.0586,2,0,1,0.6364,8,8
org.jfree.chart.plot.ContourPlot,class,0,28,77,75,1.0,180,188,23,14,77,7,7,2758,0.0457,2,0,1,0.4254,10,7
org.jfree.chart.plot.ContourPlotUtilities,class,1,0,1,1,,1,1,2,2,0,0,0,0,1.0,1,0,0,0.0,0,0
org.jfree.chart.plot.ContourValuePlot,interface,0,0,1,1,,1,1,1,0,0,0,0,0,,1,0,0,0.0,0,0
org.jfree.chart.plot.Crosshair,class,0,16,37,35,1.0,57,51,4,1,22,1,1,190,0.0491,1,0,0,0.0,3,0
org.jfree.chart.plot.CrosshairState,class,0,10,22,22,1.0,30,28,1,1,0,0,0,175,0.2045,1,2,0,0.0,0,0
org.jfree.chart.plot.DatasetRenderingOrder,class,0,4,4,3,0.5,10,7,0,0,0,0,0,0,0.25,1,0,0,0.0,3,0
org.jfree.chart.plot.DefaultDrawingSupplier,class,0,19,14,9,0.6842,44,29,1,0,0,0,0,55,0.0857,1,0,0,0.0,8,0
org.jfree.chart.plot.DialShape,class,0,5,4,3,0.4,11,7,0,0,0,0,0,0,0.25,1,0,0,0.0,3,0
org.jfree.chart.plot.DrawingSupplier,interface,0,0,6,6,,6,6,0,0,0,0,0,15,,1,0,0,0.0,0,0
org.jfree.chart.plot.FastScatterPlot,class,0,18,47,41,0.8889,99,118,15,5,18,4,4,699,0.0785,2,0,1,0.5524,20,6
org.jfree.chart.plot.GreyPalette,class,0,1,1,1,1.0,3,3,1,0,0,0,0,0,,2,0,1,0.9565,1,1
org.jfree.chart.plot.IntervalMarker,class,0,4,8,8,1.0,17,13,2,0,0,0,0,10,0.1667,2,0,1,0.8,2,2
org.jfree.chart.plot.JThermometer,class,0,5,25,25,1.0,35,55,7,5,2,4,4,14,0.1,1,0,0,0.0,2,0
org.jfree.chart.plot.Marker,class,1,15,34,32,1.0,58,49,3,2,11,0,0,441,0.0368,1,3,0,0.0,2,0
org.jfree.chart.plot.MeterInterval,class,0,6,8,6,1.0,17,17,2,1,2,1,1,0,0.125,1,0,0,0.0,1,0
org.jfree.chart.plot.MeterPlot,class,0,28,53,44,0.7143,126,127,11,6,28,3,3,1078,0.05,2,0,1,0.5138,8,8
org.jfree.chart.plot.MultiplePiePlot,class,0,9,22,19,1.0,63,91,15,4,28,2,2,101,0.0455,2,0,1,0.7215,7,7
org.jfree.chart.plot.Pannable,interface,0,0,5,5,,5,5,2,1,0,0,0,10,0.4,1,0,0,0.0,0,0
org.jfree.chart.plot.PieLabelDistributor,class,0,1,8,3,1.0,26,24,2,0,29,0,0,22,0.5,2,0,1,0.3333,2,1
org.jfree.chart.plot.PieLabelLinkStyle,class,0,4,4,3,0.25,11,7,0,0,0,0,0,0,0.25,1,0,0,0.0,3,0
org.jfree.chart.plot.PieLabelRecord,class,0,8,15,15,1.0,29,17,0,0,0,0,0,47,0.1333,1,0,0,0.0,3,0
org.jfree.chart.plot.PiePlot,class,0,66,143,122,0.803,317,324,26,14,117,13,13,9111,0.0302,2,2,1,0.285,7,7
org.jfree.chart.plot.PiePlot3D,class,0,3,10,7,1.0,86,115,10,3,20,0,0,27,0.1417,3,0,2,0.9495,3,3
org.jfree.chart.plot.PiePlotState,class,0,10,20,20,1.0,21,20,2,1,0,0,0,172,0.1667,2,0,1,0.0909,0,0
org.jfree.chart.plot.Plot,class,1,30,66,56,0.6333,154,118,22,12,12,2,2,1925,0.0318,1,13,0,0.0,9,2
org.jfree.chart.plot.PlotOrientation,class,0,4,6,5,0.5,12,9,0,0,0,0,0,9,0.1667,1,0,0,0.0,3,0
org.jfree.chart.plot.PlotRenderingInfo,class,0,5,13,11,1.0,24,27,2,1,1,1,1,12,0.0879,1,0,0,0.0,2,0
org.jfree.chart.plot.PlotState,class,0,1,1,1,1.0,2,1,0,0,0,0,0,0,,1,0,0,0.0,0,0
org.jfree.chart.plot.PlotUtilities,class,0,0,1,1,,4,4,3,1,3,0,0,0,1.0,1,0,0,0.0,0,0
org.jfree.chart.plot.PolarAxisLocation,class,0,10,3,2,0.2,15,5,0,0,0,0,0,1,0.3333,1,0,0,0.0,2,0
org.jfree.chart.plot.PolarPlot,class,0,30,95,83,0.8667,237,211,26,10,65,2,2,4091,0.0446,2,0,1,0.3667,20,9
org.jfree.chart.plot.RainbowPalette,class,0,4,1,1,1.0,2,4,1,0,0,0,0,0,,2,0,1,0.9565,1,1
org.jfree.chart.plot.RingPlot,class,0,12,28,24,1.0,65,95,11,5,21,1,1,246,0.0432,3,0,2,0.8685,6,6
org.jfree.chart.plot.SeriesRenderingOrder,class,0,4,4,3,0.5,10,7,0,0,0,0,0,0,0.25,1,0,0,0.0,3,0
org.jfree.chart.plot.SpiderWebPlot,class,0,39,65,57,0.6923,140,163,16,6,25,4,4,1664,0.041,2,0,1,0.4672,7,7
org.jfree.chart.plot.ThermometerPlot,class,0,56,75,68,0.8036,176,148,14,5,22,2,2,2365,0.0453,2,0,1,0.4231,19,9
org.jfree.chart.plot.ValueAxisPlot,interface,0,0,1,1,,1,1,2,1,0,0,0,0,1.0,1,0,0,0.0,0,0
org.jfree.chart.plot.ValueMarker,class,0,1,3,3,1.0,10,5,2,0,0,0,0,1,0.3333,2,0,1,0.9167,1,1
org.jfree.chart.plot.WaferMapPlot,class,0,10,10,7,0.5,33,41,10,6,7,3,3,41,0.1625,2,0,1,0.8592,4,3
org.jfree.chart.plot.XYCrosshairState,class,0,0,0,0,,1,0,1,0,0,0,0,0,,2,0,1,1.0,0,0
org.jfree.chart.plot.XYPlot,class,0,63,228,203,0.9206,658,490,37,18,220,14,14,24556,0.0381,2,2,1,0.1886,26,11
org.jfree.chart.plot.Zoomable,interface,0,0,9,9,,9,9,2,1,0,0,0,36,0.5556,1,0,0,0.0,0,0
org.jfree.chart.plot.dial.AbstractDialLayer,class,1,2,10,8,1.0,15,19,4,2,1,0,0,19,0.1167,1,9,0,0.0,7,0
org.jfree.chart.plot.dial.ArcDialFrame,class,0,8,23,20,0.875,36,51,6,1,9,0,0,111,0.0725,2,0,1,0.2069,7,4
org.jfree.chart.plot.dial.DialBackground,class,0,3,11,9,0.6667,18,25,6,1,4,0,0,11,0.0909,2,0,1,0.3529,6,4
org.jfree.chart.plot.dial.DialCap,class,0,5,15,13,0.8,23,37,6,1,6,0,0,15,0.0741,2,0,1,0.2857,6,4
org.jfree.chart.plot.dial.DialFrame,interface,0,0,1,1,,1,1,1,0,0,0,0,0,1.0,2,0,1,0.8571,0,0
org.jfree.chart.plot.dial.DialLayer,interface,0,0,6,6,,6,6,2,2,0,0,0,15,0.2,1,2,0,0.0,0,0
org.jfree.chart.plot.dial.DialLayerChangeEvent,class,0,1,1,1,1.0,2,1,2,1,0,1,1,0,,2,0,1,0.8,0,0
org.jfree.chart.plot.dial.DialLayerChangeListener,interface,0,0,1,1,,1,1,1,1,0,0,0,0,1.0,1,0,0,0.0,0,0
org.jfree.chart.plot.dial.DialPlot,class,0,12,39,36,1.0,82,83,13,8,27,3,3,597,0.0561,2,0,1,0.602,7,5
org.jfree.chart.plot.dial.DialPointer,class,1,2,8,8,0.0,14,12,4,0,1,0,0,16,0.125,2,2,1,0.4667,4,3
org.jfree.chart.plot.dial.DialPointer.Pin,class,0,3,9,7,0.6667,15,32,6,1,8,0,0,0,0.1111,3,0,2,0.5714,4,3
org.jfree.chart.plot.dial.DialPointer.Pointer,class,0,4,11,9,0.75,18,38,6,1,10,0,0,0,0.1023,3,0,2,0.5217,4,3
org.jfree.chart.plot.dial.DialScale,interface,0,0,2,2,,2,2,1,0,0,0,0,1,1.0,2,0,1,0.75,0,0
org.jfree.chart.plot.dial.DialTextAnnotation,class,0,7,19,17,0.8571,29,38,6,1,7,0,0,111,0.0574,2,0,1,0.24,6,4
org.jfree.chart.plot.dial.DialValueIndicator,class,0,16,38,35,0.9375,60,75,6,1,16,0,0,529,0.0362,2,0,1,0.1364,6,4
org.jfree.chart.plot.dial.StandardDialFrame,class,0,5,16,14,0.8,24,41,6,1,7,0,0,32,0.0764,2,0,1,0.2727,7,4
org.jfree.chart.plot.dial.StandardDialRange,class,0,7,20,18,0.8571,34,37,7,1,8,0,0,74,0.0722,2,0,1,0.2308,6,4
org.jfree.chart.plot.dial.StandardDialScale,class,0,20,47,45,0.95,84,72,5,1,11,0,0,791,0.0442,2,0,1,0.1132,8,4
org.jfree.chart.renderer.AbstractRenderer,class,1,71,192,185,0.8873,389,292,9,5,37,7,7,17532,0.0695,1,4,0,0.0,4,1
org.jfree.chart.renderer.AreaRendererEndType,class,0,5,3,2,0.4,10,5,0,0,0,0,0,1,0.3333,1,0,0,0.0,2,0
org.jfree.chart.renderer.DefaultPolarItemRenderer,class,0,13,37,34,1.0,93,135,16,8,52,5,5,496,0.0597,2,0,1,0.8311,18,5
org.jfree.chart.renderer.GrayPaintScale,class,0,3,7,7,1.0,18,11,2,0,2,0,0,0,0.1429,1,0,0,0.0,6,0
org.jfree.chart.renderer.LookupPaintScale,class,0,5,10,8,0.8,29,24,3,0,1,0,0,7,0.1333,1,0,0,0.0,5,0
org.jfree.chart.renderer.LookupPaintScale.PaintItem,class,0,3,4,2,0.0,11,9,0,0,0,0,0,0,0.3333,1,0,0,0.0,2,0
org.jfree.chart.renderer.NotOutlierException,class,0,0,0,0,,1,0,0,0,0,0,0,0,,1,0,0,0.0,0,0
org.jfree.chart.renderer.Outlier,class,0,2,10,10,1.0,21,14,0,0,0,0,0,37,0.125,1,0,0,0.0,3,0
org.jfree.chart.renderer.OutlierList,class,0,3,8,8,1.0,11,21,1,1,3,1,1,22,0.25,1,0,0,0.0,0,0
org.jfree.chart.renderer.OutlierListCollection,class,0,3,7,6,1.0,12,16,2,2,4,0,0,15,0.2381,1,0,0,0.0,0,0
org.jfree.chart.renderer.PaintScale,interface,0,0,3,3,,3,3,0,0,0,0,0,3,0.3333,1,0,0,0.0,0,0
org.jfree.chart.renderer.PolarItemRenderer,interface,0,0,15,15,,15,15,8,7,0,0,0,105,0.1515,1,0,0,0.0,0,0
org.jfree.chart.renderer.RendererState,class,0,1,2,2,1.0,5,4,3,1,1,1,1,0,,1,3,0,0.0,0,0
org.jfree.chart.renderer.RendererUtilities,class,0,0,3,3,,34,11,2,1,24,0,0,3,1.0,1,0,0,0.0,0,0
org.jfree.chart.renderer.WaferMapRenderer,class,0,7,12,5,0.7143,46,41,6,1,6,1,1,22,0.15,2,0,1,0.9394,1,1
org.jfree.chart.renderer.category.AbstractCategoryItemRenderer,class,1,16,56,46,1.0,174,188,30,14,142,13,13,1380,0.0676,2,8,1,0.7657,37,4
org.jfree.chart.renderer.category.AreaRenderer,class,0,2,6,6,1.0,31,60,11,6,29,1,1,3,0.1833,3,1,2,0.9752,4,3
org.jfree.chart.renderer.category.BarPainter,interface,0,0,2,2,,2,2,1,1,0,0,0,1,0.9167,1,0,0,0.0,0,0
org.jfree.chart.renderer.category.BarRenderer,class,0,21,48,39,0.9048,153,160,16,11,64,4,4,1002,0.0595,3,6,2,0.8286,8,7
org.jfree.chart.renderer.category.BarRenderer3D,class,0,7,15,13,0.5714,54,93,17,7,53,0,0,57,0.1833,4,1,3,0.9464,13,11
org.jfree.chart.renderer.category.BoxAndWhiskerRenderer,class,0,9,29,23,1.0,105,131,16,6,101,0,0,282,0.1121,3,0,2,0.8893,7,6
org.jfree.chart.renderer.category.CategoryItemRenderer,interface,0,0,132,132,,132,132,16,13,0,0,0,8646,0.0533,2,0,1,0.0075,0,0
org.jfree.chart.renderer.category.CategoryItemRendererState,class,0,4,10,9,1.0,16,11,3,2,0,1,1,33,0.1667,2,1,1,0.1667,0,0
org.jfree.chart.renderer.category.CategoryStepRenderer,class,0,3,7,5,0.6667,29,52,10,7,24,0,0,15,0.1633,3,0,2,0.9712,4,3
org.jfree.chart.renderer.category.CategoryStepRenderer.State,class,0,1,0,0,0.0,1,0,2,1,0,0,0,0,,3,0,2,1.0,0,0
org.jfree.chart.renderer.category.DefaultCategoryItemRenderer,class,0,1,0,0,1.0,0,0,1,0,0,0,0,0,,4,0,3,1.0,0,0
org.jfree.chart.renderer.category.GanttRenderer,class,0,5,15,11,1.0,59,68,11,6,46,0,0,59,0.15,5,0,4,0.9477,5,5
org.jfree.chart.renderer.category.GradientBarPainter,class,0,3,7,4,1.0,34,33,3,1,11,0,0,15,0.3571,1,0,0,0.0,4,0
org.jfree.chart.renderer.category.GroupedStackedBarRenderer,class,0,2,6,4,1.0,39,50,13,7,34,1,1,0,0.3182,5,0,4,0.9785,5,5
org.jfree.chart.renderer.category.IntervalBarRenderer,class,0,1,4,3,1.0,18,28,12,6,11,0,0,6,0.45,4,1,3,0.9856,3,3
org.jfree.chart.renderer.category.LayeredBarRenderer,class,0,2,6,3,1.0,55,50,9,5,35,0,0,13,0.5741,4,0,3,0.9786,2,2
org.jfree.chart.renderer.category.LevelRenderer,class,0,4,14,11,0.75,36,66,11,7,38,0,0,61,0.1786,3,0,2,0.9438,5,4
org.jfree.chart.renderer.category.LineAndShapeRenderer,class,0,15,42,42,1.0,100,113,9,5,32,0,0,705,0.0833,3,3,2,0.8484,5,4
org.jfree.chart.renderer.category.LineRenderer3D,class,0,7,15,13,0.5714,49,79,13,6,41,0,0,57,0.1619,4,0,3,0.9458,11,9
org.jfree.chart.renderer.category.MinMaxCategoryRenderer,class,0,10,18,14,1.0,41,50,9,5,22,0,0,65,0.0729,3,0,2,0.9291,4,3
org.jfree.chart.renderer.category.ScatterRenderer,class,0,7,23,21,1.0,55,81,10,5,19,0,0,155,0.0776,3,0,2,0.9102,7,6
org.jfree.chart.renderer.category.StackedAreaRenderer,class,0,2,10,6,1.0,47,43,10,5,39,0,0,3,0.1545,4,0,3,0.9597,4,4
org.jfree.chart.renderer.category.StackedBarRenderer,class,0,2,7,6,0.5,48,50,13,5,27,0,0,1,0.2143,4,1,3,0.9748,5,5
org.jfree.chart.renderer.category.StackedBarRenderer3D,class,0,3,15,8,1.0,69,79,15,5,47,0,0,57,0.241,5,0,4,0.9483,5,5
org.jfree.chart.renderer.category.StandardBarPainter,class,0,0,5,4,,23,24,2,1,9,0,0,10,0.4,1,0,0,0.0,4,0
org.jfree.chart.renderer.category.StatisticalBarRenderer,class,0,3,11,7,1.0,62,51,12,6,22,0,0,0,0.1948,4,0,3,0.961,5,5
org.jfree.chart.renderer.category.StatisticalLineAndShapeRenderer,class,0,3,10,8,1.0,48,63,11,5,31,0,0,0,0.1077,4,0,3,0.9636,6,6
org.jfree.chart.renderer.category.WaterfallBarRenderer,class,0,5,13,11,1.0,45,59,11,5,27,0,0,16,0.1026,4,0,3,0.9542,5,5
org.jfree.chart.renderer.xy.AbstractXYItemRenderer,class,1,14,58,47,1.0,190,197,30,14,169,11,11,1459,0.0708,2,18,1,0.7603,39,3
org.jfree.chart.renderer.xy.CandlestickRenderer,class,0,16,28,26,0.8125,78,78,16,7,34,0,0,246,0.0667,3,0,2,0.8927,7,6
org.jfree.chart.renderer.xy.ClusteredXYBarRenderer,class,0,2,6,5,1.0,38,42,13,7,21,0,0,9,0.1818,4,0,3,0.9777,5,5
org.jfree.chart.renderer.xy.CyclicXYItemRenderer,class,0,1,1,1,1.0,52,9,11,8,22,0,0,0,1.0,4,0,3,0.9962,1,1
org.jfree.chart.renderer.xy.CyclicXYItemRenderer.OverwriteDataSet,class,0,3,13,13,0.3333,17,20,4,3,0,1,1,64,0.1923,1,0,0,0.0,13,0
org.jfree.chart.renderer.xy.DefaultXYItemRenderer,class,0,1,0,0,0.0,0,0,1,0,0,0,0,0,,4,0,3,1.0,0,0
org.jfree.chart.renderer.xy.DeviationRenderer,class,0,1,10,8,1.0,29,46,11,6,11,0,0,39,0.1667,4,0,3,0.964,8,8
org.jfree.chart.renderer.xy.DeviationRenderer.State,class,0,2,0,0,0.0,1,0,2,1,0,0,0,0,,4,0,3,1.0,0,0
org.jfree.chart.renderer.xy.GradientXYBarPainter,class,0,3,7,4,1.0,34,32,3,1,10,0,0,15,0.3571,1,0,0,0.0,4,0
org.jfree.chart.renderer.xy.HighLowRenderer,class,0,6,16,14,1.0,51,52,13,6,24,0,0,54,0.075,3,0,2,0.936,6,5
org.jfree.chart.renderer.xy.SamplingXYLineRenderer,class,0,1,9,7,1.0,24,42,10,6,8,0,0,6,0.1538,3,0,2,0.9628,7,6
org.jfree.chart.renderer.xy.SamplingXYLineRenderer.State,class,0,9,1,1,0.0,2,3,3,2,0,0,0,0,1.0,3,0,2,0.875,1,1
org.jfree.chart.renderer.xy.StackedXYAreaRenderer,class,0,3,13,10,1.0,59,76,16,9,49,0,0,60,0.1128,4,0,3,0.9492,8,8
org.jfree.chart.renderer.xy.StackedXYAreaRenderer.StackedXYAreaRendererState,class,0,4,7,7,1.0,8,7,2,1,0,0,0,15,0.2143,3,0,2,0.5333,0,0
org.jfree.chart.renderer.xy.StackedXYAreaRenderer2,class,0,2,10,7,1.0,45,38,13,9,29,0,0,33,0.1231,4,0,3,0.96,5,5
org.jfree.chart.renderer.xy.StackedXYBarRenderer,class,0,2,8,8,1.0,51,47,15,6,20,0,0,0,0.1932,4,0,3,0.9704,6,6
org.jfree.chart.renderer.xy.StandardXYBarPainter,class,0,0,5,4,,23,23,2,1,8,0,0,10,0.4,1,0,0,0.0,4,0
org.jfree.chart.renderer.xy.StandardXYItemRenderer,class,0,18,33,29,0.6667,105,115,15,9,31,0,0,384,0.0638,3,1,2,0.8759,7,6
org.jfree.chart.renderer.xy.StandardXYItemRenderer.State,class,0,3,4,4,0.6667,5,4,2,1,0,0,0,2,0.25,3,0,2,0.6667,0,0
org.jfree.chart.renderer.xy.VectorRenderer,class,0,2,5,5,1.0,30,35,13,6,29,0,0,8,0.24,3,0,2,0.9792,5,4
org.jfree.chart.renderer.xy.WindItemRenderer,class,0,1,2,2,1.0,3,21,9,6,13,0,0,1,0.5,3,0,2,0.9917,2,1
org.jfree.chart.renderer.xy.XYAreaRenderer,class,0,13,19,17,0.6154,69,90,17,8,54,0,0,81,0.0772,3,1,2,0.9243,8,7
org.jfree.chart.renderer.xy.XYAreaRenderer.XYAreaRendererState,class,0,2,0,0,0.0,1,0,2,1,0,0,0,0,,3,0,2,1.0,0,0
org.jfree.chart.renderer.xy.XYAreaRenderer2,class,0,3,11,9,1.0,32,71,16,8,39,0,0,7,0.0974,3,1,2,0.9551,6,5
org.jfree.chart.renderer.xy.XYBarPainter,interface,0,0,2,2,,2,2,1,1,0,0,0,1,0.9167,1,0,0,0.0,0,0
org.jfree.chart.renderer.xy.XYBarRenderer,class,0,16,42,37,1.0,143,135,20,11,57,4,4,717,0.0522,3,2,2,0.8456,10,9
org.jfree.chart.renderer.xy.XYBarRenderer.XYBarRendererState,class,0,1,2,2,1.0,3,2,2,1,0,0,0,0,0.5,3,0,2,0.8,0,0
org.jfree.chart.renderer.xy.XYBlockRenderer,class,0,6,14,13,1.0,41,38,15,7,21,1,1,9,0.0879,3,0,2,0.9438,5,4
org.jfree.chart.renderer.xy.XYBoxAndWhiskerRenderer,class,0,5,21,14,1.0,69,92,17,6,58,0,0,150,0.131,3,0,2,0.9176,6,5
org.jfree.chart.renderer.xy.XYBubbleRenderer,class,0,5,5,5,0.2,32,56,12,6,27,0,0,8,0.22,3,0,2,0.9793,4,3
org.jfree.chart.renderer.xy.XYDifferenceRenderer,class,0,6,23,16,1.0,124,104,16,6,72,0,0,177,0.1304,3,0,2,0.9098,8,7
org.jfree.chart.renderer.xy.XYDotRenderer,class,0,4,12,10,1.0,30,52,11,6,18,0,0,24,0.1026,3,0,2,0.9512,6,5
org.jfree.chart.renderer.xy.XYErrorRenderer,class,0,6,16,14,0.8333,37,44,10,6,17,0,0,42,0.0742,4,0,3,0.9441,6,6
org.jfree.chart.renderer.xy.XYItemRenderer,interface,0,0,134,134,,134,134,17,14,0,0,0,8911,0.0552,2,0,1,0.0074,0,0
org.jfree.chart.renderer.xy.XYItemRendererState,class,0,4,6,6,0.75,7,6,3,2,0,0,0,9,0.2778,2,6,1,0.25,0,0
org.jfree.chart.renderer.xy.XYLine3DRenderer,class,0,7,14,8,0.5714,23,31,2,0,0,0,0,67,0.1071,4,0,3,0.9505,9,7
org.jfree.chart.renderer.xy.XYLineAndShapeRenderer,class,0,15,50,42,1.0,123,139,13,7,41,0,0,1039,0.0963,3,7,2,0.8227,8,7
org.jfree.chart.renderer.xy.XYLineAndShapeRenderer.State,class,0,2,3,3,0.5,4,5,3,2,0,0,0,0,0.3333,3,0,2,0.7,1,1
org.jfree.chart.renderer.xy.XYShapeRenderer,class,0,8,24,21,1.0,55,69,17,8,18,1,1,172,0.0588,3,0,2,0.9062,8,7
org.jfree.chart.renderer.xy.XYSplineRenderer,class,0,3,10,8,1.0,48,42,9,6,51,1,1,19,0.15,4,0,3,0.9647,3,3
org.jfree.chart.renderer.xy.XYSplineRenderer.FillType,enum,0,0,0,0,,0,0,0,0,0,0,0,0,,1,0,0,0.0,0,0
org.jfree.chart.renderer.xy.XYSplineRenderer.XYSplineState,class,0,2,0,0,0.0,1,0,1,1,0,0,0,0,,1,0,0,0.0,0,0
org.jfree.chart.renderer.xy.XYStepAreaRenderer,class,0,11,17,16,0.7273,68,59,12,8,26,0,0,104,0.1176,3,0,2,0.9328,4,3
org.jfree.chart.renderer.xy.XYStepRenderer,class,0,2,7,6,1.0,31,37,13,8,15,0,0,15,0.1667,4,0,3,0.9749,4,4
org.jfree.chart.renderer.xy.YIntervalRenderer,class,0,2,7,6,1.0,17,47,14,8,14,1,1,9,0.1868,3,0,2,0.9712,4,3
org.jfree.chart.resources.JFreeChartResources,class,0,1,1,1,1.0,1,1,0,0,0,0,0,0,,1,0,0,0.0,1,0
org.jfree.chart.servlet.ChartDeleter,class,0,1,4,4,1.0,7,11,0,0,0,0,0,4,0.5,1,0,0,0.0,2,0
org.jfree.chart.servlet.DisplayChart,class,0,0,2,2,,13,16,2,0,4,0,0,1,0.5,1,0,0,0.0,2,0
org.jfree.chart.servlet.ServletUtilities,class,0,2,14,12,1.0,31,46,5,2,7,0,0,91,0.2653,1,0,0,0.0,0,0
org.jfree.chart.title.CompositeTitle,class,0,3,10,8,1.0,17,31,6,2,2,1,1,5,0.15,3,0,2,0.8214,6,5
org.jfree.chart.title.DateTitle,class,0,1,1,1,1.0,5,5,1,0,0,0,0,0,1.0,4,0,3,0.987,0,0
org.jfree.chart.title.ImageTitle,class,0,1,8,6,1.0,29,34,3,1,0,0,0,8,0.325,3,0,2,0.8571,4,3
org.jfree.chart.title.LegendGraphic,class,0,15,37,34,0.9333,72,76,5,1,9,0,0,442,0.0563,2,0,1,0.4559,8,5
org.jfree.chart.title.LegendItemBlockContainer,class,0,6,9,9,1.0,13,21,8,2,8,1,1,26,0.1389,3,0,2,0.8302,1,1
org.jfree.chart.title.LegendTitle,class,0,17,32,27,0.8824,65,102,21,5,56,5,5,360,0.0479,3,0,2,0.5897,6,5
org.jfree.chart.title.PaintScaleLegend,class,0,11,28,25,0.9091,72,84,13,6,21,3,3,236,0.0513,3,0,2,0.6216,7,5
org.jfree.chart.title.ShortTextTitle,class,0,0,6,2,,26,38,4,2,10,0,0,15,0.3333,4,0,3,0.9211,6,6
org.jfree.chart.title.TextTitle,class,0,13,32,24,0.8462,108,83,11,2,17,0,0,302,0.067,3,2,2,0.5789,8,7
org.jfree.chart.title.Title,class,1,11,19,16,0.5455,36,30,5,2,7,0,0,119,0.0622,2,5,1,0.6275,6,5
org.jfree.chart.urls.CategoryURLGenerator,interface,0,0,1,1,,1,1,1,1,0,0,0,0,1.0,1,0,0,0.0,0,0
org.jfree.chart.urls.CustomCategoryURLGenerator,class,0,1,7,7,1.0,22,15,2,1,0,0,0,1,0.2143,1,0,0,0.0,3,0
org.jfree.chart.urls.CustomPieURLGenerator,class,0,2,7,7,1.0,20,20,2,1,0,0,0,0,0.2286,1,0,0,0.0,3,0
org.jfree.chart.urls.CustomXYURLGenerator,class,0,2,7,7,1.0,22,15,2,1,0,0,0,1,0.2143,1,0,0,0.0,3,0
org.jfree.chart.urls.PieURLGenerator,interface,0,0,1,1,,1,1,1,1,0,0,0,0,1.0,1,0,0,0.0,0,0
org.jfree.chart.urls.StandardCategoryURLGenerator,class,0,4,4,4,1.0,17,13,3,1,6,0,0,0,0.25,1,0,0,0.0,4,0
org.jfree.chart.urls.StandardPieURLGenerator,class,0,4,2,2,1.0,14,8,3,1,2,0,0,0,0.5,1,0,0,0.0,2,0
org.jfree.chart.urls.StandardXYURLGenerator,class,0,7,2,2,0.5714,11,5,3,1,3,0,0,0,0.5,1,1,0,0.0,2,0
org.jfree.chart.urls.StandardXYZURLGenerator,class,0,0,1,1,,1,2,3,1,0,0,0,0,1.0,2,0,1,0.5,1,1
org.jfree.chart.urls.TimeSeriesURLGenerator,class,0,5,6,6,1.0,19,15,3,1,6,0,0,0,0.1667,1,0,0,0.0,2,0
org.jfree.chart.urls.URLUtilities,class,0,1,1,1,1.0,4,5,0,0,0,0,0,0,1.0,1,0,0,0.0,0,0
org.jfree.chart.urls.XYURLGenerator,interface,0,0,1,1,,1,1,1,1,0,0,0,0,1.0,1,1,0,0.0,0,0
org.jfree.chart.urls.XYZURLGenerator,interface,0,0,1,1,,1,1,2,1,0,0,0,0,1.0,2,0,1,0.0,1,1
org.jfree.chart.util.AttrStringUtils,class,0,0,15,5,,54,42,1,0,3,0,0,105,0.3889,1,0,0,0.0,0,0
org.jfree.chart.util.CloneUtils,class,0,0,2,2,,8,8,1,0,2,0,0,1,0.5,1,0,0,0.0,0,0
org.jfree.chart.util.DefaultShadowGenerator,class,0,6,11,10,1.0,28,25,3,0,6,0,0,0,0.1364,1,0,0,0.0,5,0
org.jfree.chart.util.DirectionalGradientPaintTransformer,class,0,0,1,1,,12,11,0,0,0,0,0,0,1.0,1,0,0,0.0,1,0
org.jfree.chart.util.ExportUtils,class,0,0,6,6,,24,19,1,0,4,0,0,15,0.6667,1,0,0,0.0,0,0
org.jfree.chart.util.HMSNumberFormat,class,0,1,3,3,1.0,4,5,0,0,0,0,0,3,0.4444,1,0,0,0.0,3,0
org.jfree.chart.util.HexNumberFormat,class,0,5,5,5,0.2,9,10,0,0,0,0,0,4,0.2571,1,0,0,0.0,3,0
org.jfree.chart.util.LineUtilities,class,0,0,2,2,,22,13,1,0,1,0,0,1,0.6667,1,0,0,0.0,0,0
org.jfree.chart.util.LogFormat,class,0,6,8,7,1.0,20,15,1,0,3,0,0,0,0.1719,1,0,0,0.0,5,0
org.jfree.chart.util.PaintAlpha,class,0,2,8,3,1.0,28,54,0,0,0,0,0,26,0.125,1,0,0,0.0,0,0
org.jfree.chart.util.ParamChecks,class,0,0,2,2,,4,2,0,0,0,0,0,1,0.6667,1,0,0,0.0,0,0
org.jfree.chart.util.RelativeDateFormat,class,0,14,25,25,1.0,48,39,1,0,9,0,0,186,0.08,1,0,0,0.0,5,0
org.jfree.chart.util.ResourceBundleWrapper,class,0,1,4,4,1.0,9,11,0,0,0,0,0,0,0.4,1,0,0,0.0,0,0
org.jfree.chart.util.ShadowGenerator,interface,0,0,3,3,,3,3,0,0,0,0,0,3,0.3333,1,0,0,0.0,0,0
org.jfree.chart.util.TextUtils,class,0,0,6,4,,21,28,1,0,2,0,0,15,0.4762,1,0,0,0.0,0,0
org.jfree.chart.util.XYCoordinateType,class,0,4,3,2,0.25,10,5,0,0,0,0,0,1,0.3333,1,0,0,0.0,2,0
org.jfree.data.ComparableObjectItem,class,0,3,7,4,1.0,14,13,1,0,1,0,0,3,0.4286,1,5,0,0.0,4,0
org.jfree.data.ComparableObjectSeries,class,0,4,18,10,1.0,50,35,4,1,9,0,0,51,0.2,2,5,1,0.5,3,3
org.jfree.data.DataUtilities,class,1,0,9,9,,32,20,4,2,22,0,0,36,0.3611,1,0,0,0.0,0,0
org.jfree.data.DefaultKeyedValue,class,0,3,7,7,1.0,15,12,2,0,1,0,0,3,0.1429,1,0,0,0.0,6,0
org.jfree.data.DefaultKeyedValues,class,0,4,21,20,1.0,44,43,5,0,10,0,0,68,0.1825,1,0,0,0.0,9,0
org.jfree.data.DefaultKeyedValues2D,class,0,5,21,21,1.0,57,51,4,0,24,0,0,10,0.1905,1,0,0,0.0,13,0
org.jfree.data.DomainInfo,interface,0,0,3,3,,3,3,1,0,0,0,0,3,1.0,1,0,0,0.0,0,0
org.jfree.data.DomainOrder,class,0,5,4,3,0.4,11,7,0,0,0,0,0,0,0.25,1,0,0,0.0,3,0
org.jfree.data.KeyToGroupMap,class,0,4,10,8,1.0,36,34,1,0,4,0,0,0,0.2333,1,0,0,0.0,2,0
org.jfree.data.KeyedObject,class,0,3,5,5,1.0,11,7,0,0,0,0,0,2,0.4,1,0,0,0.0,2,0
org.jfree.data.KeyedObjects,class,0,2,15,15,1.0,38,34,3,0,8,0,0,0,0.3111,1,0,0,0.0,3,0
org.jfree.data.KeyedObjects2D,class,0,4,21,21,1.0,57,49,3,0,20,0,0,0,0.254,1,0,0,0.0,3,0
org.jfree.data.KeyedValue,interface,0,0,1,1,,1,1,1,0,0,0,0,0,,2,1,1,0.5,0,0
org.jfree.data.KeyedValueComparator,class,0,2,3,3,1.0,18,9,3,1,8,1,1,0,0.3333,1,0,0,0.0,1,0
org.jfree.data.KeyedValueComparatorType,class,0,3,3,3,0.3333,7,5,0,0,0,0,0,0,0.3333,1,0,0,0.0,3,0
org.jfree.data.KeyedValues,interface,0,0,4,4,,4,4,1,0,0,0,0,6,0.375,2,1,1,0.2,1,1
org.jfree.data.KeyedValues2D,interface,0,0,7,7,,7,7,1,0,0,0,0,21,0.3571,2,1,1,0.2222,1,1
org.jfree.data.Range,class,0,3,22,19,1.0,55,35,1,0,3,0,0,101,0.2386,1,1,0,0.0,3,0
org.jfree.data.RangeInfo,interface,0,0,3,3,,3,3,1,0,0,0,0,3,1.0,1,0,0,0.0,0,0
org.jfree.data.RangeType,class,0,5,4,3,0.4,11,7,0,0,0,0,0,0,0.25,1,0,0,0.0,3,0
org.jfree.data.UnknownKeyException,class,0,0,0,0,,1,0,0,0,0,0,0,0,,1,0,0,0.0,0,0
org.jfree.data.Value,interface,0,0,1,1,,1,1,0,0,0,0,0,0,,1,2,0,0.0,0,0
org.jfree.data.Values,interface,0,0,2,2,,2,2,0,0,0,0,0,1,0.5,1,1,0,0.0,0,0
org.jfree.data.Values2D,interface,0,0,3,3,,3,3,0,0,0,0,0,3,0.3333,1,1,0,0.0,0,0
org.jfree.data.category.CategoryDataset,interface,0,0,0,0,,0,0,2,0,0,0,0,0,,3,5,2,1.0,0,0
org.jfree.data.category.CategoryRangeInfo,interface,0,0,1,1,,1,1,1,0,0,0,0,0,1.0,1,0,0,0.0,0,0
org.jfree.data.category.CategoryToPieDataset,class,0,4,11,11,0.75,41,27,6,2,4,1,1,0,0.1364,2,0,1,0.5417,8,0
org.jfree.data.category.DefaultCategoryDataset,class,0,2,24,24,1.0,35,44,3,1,3,1,1,0,0.1833,2,2,1,0.3333,13,1
org.jfree.data.category.DefaultIntervalCategoryDataset,class,0,4,31,28,1.0,95,53,6,0,7,0,0,331,0.1677,3,0,2,0.3111,18,3
org.jfree.data.category.IntervalCategoryDataset,interface,0,0,4,4,,4,4,1,0,0,0,0,6,0.5,4,1,3,0.6923,0,0
org.jfree.data.category.SlidingCategoryDataset,class,0,3,18,17,1.0,34,34,3,1,0,1,1,0,0.1667,2,0,1,0.4,12,1
org.jfree.data.contour.ContourDataset,interface,0,0,9,9,,9,9,2,1,0,0,0,36,0.1111,5,0,4,0.625,0,0
org.jfree.data.contour.DefaultContourDataset,class,0,6,24,24,0.8333,59,36,3,1,4,0,0,146,0.1333,5,1,4,0.4419,15,2
org.jfree.data.contour.NonGridContourDataset,class,0,3,2,0,0.0,18,12,2,0,4,0,0,1,0.5,6,0,5,0.9535,0,0
org.jfree.data.function.Function2D,interface,0,0,1,1,,1,1,0,0,0,0,0,0,1.0,1,0,0,0.0,0,0
org.jfree.data.function.LineFunction2D,class,0,2,5,5,1.0,9,6,2,0,2,0,0,0,0.2,1,0,0,0.0,3,0
org.jfree.data.function.NormalDistributionFunction2D,class,0,4,5,5,1.0,10,8,2,0,2,0,0,0,0.2,1,0,0,0.0,3,0
org.jfree.data.function.PolynomialFunction2D,class,0,1,5,5,1.0,8,10,3,0,2,0,0,0,0.2,1,0,0,0.0,3,0
org.jfree.data.function.PowerFunction2D,class,0,2,5,5,1.0,9,7,2,0,2,0,0,0,0.2,1,0,0,0.0,3,0
org.jfree.data.gantt.GanttCategoryDataset,interface,0,0,10,10,,10,10,1,0,0,0,0,45,0.65,5,0,4,0.5238,0,0
org.jfree.data.gantt.SlidingGanttCategoryDataset,class,0,3,32,31,1.0,55,52,3,1,0,1,1,0,0.2708,2,0,1,0.2727,26,1
org.jfree.data.gantt.Task,class,0,5,13,13,1.0,21,21,3,1,3,1,1,48,0.0879,1,0,0,0.0,2,0
org.jfree.data.gantt.TaskSeries,class,0,1,9,9,1.0,16,21,3,1,2,0,0,0,0.1389,2,0,1,0.6667,3,3
org.jfree.data.gantt.TaskSeriesCollection,class,0,3,36,35,1.0,67,75,7,2,35,0,0,214,0.1722,3,0,2,0.2653,29,4
org.jfree.data.gantt.XYTaskDataset,class,0,3,29,23,1.0,42,55,9,2,11,1,1,258,0.1655,4,0,3,0.3409,18,5
org.jfree.data.general.AbstractDataset,class,1,4,13,9,1.0,18,25,5,3,1,1,1,56,0.0879,1,13,0,0.0,6,0
org.jfree.data.general.AbstractSeriesDataset,class,1,1,4,4,1.0,7,8,4,1,0,0,0,6,0.25,2,3,1,0.7647,4,2
org.jfree.data.general.CombinationDataset,interface,0,0,2,2,,2,2,1,0,0,0,0,1,,1,0,0,0.0,0,0
org.jfree.data.general.CombinedDataset,class,0,1,28,25,1.0,54,46,10,2,2,0,0,348,0.3095,5,0,4,0.44,21,2
org.jfree.data.general.CombinedDataset.DatasetInfo,class,0,2,0,0,1.0,1,0,1,1,0,1,1,0,,1,0,0,0.0,0,0
org.jfree.data.general.Dataset,interface,0,0,4,4,,4,4,2,2,0,0,0,6,0.375,1,1,0,0.0,0,0
org.jfree.data.general.DatasetChangeEvent,class,0,1,1,1,1.0,2,1,1,1,0,1,1,0,,1,0,0,0.0,0,0
org.jfree.data.general.DatasetChangeListener,interface,0,0,1,1,,1,1,1,1,0,0,0,0,1.0,1,0,0,0.0,0,0
org.jfree.data.general.DatasetGroup,class,0,2,3,3,1.0,8,6,1,0,1,0,0,1,0.3333,1,0,0,0.0,2,0
org.jfree.data.general.DatasetUtilities,class,0,0,59,59,,336,128,26,9,232,0,0,1711,0.1218,1,0,0,0.0,0,0
org.jfree.data.general.DefaultHeatMapDataset,class,0,7,14,14,1.0,36,21,3,0,2,0,0,51,0.1786,2,0,1,0.4615,12,1
org.jfree.data.general.DefaultKeyedValueDataset,class,0,2,7,7,1.0,21,14,5,1,4,1,1,0,0.1905,2,0,1,0.6316,5,1
org.jfree.data.general.DefaultKeyedValues2DDataset,class,0,1,0,0,1.0,0,0,2,0,0,0,0,0,,3,0,2,1.0,0,0
org.jfree.data.general.DefaultKeyedValuesDataset,class,0,1,0,0,1.0,0,0,2,0,0,0,0,0,,3,0,2,1.0,0,0
org.jfree.data.general.DefaultPieDataset,class,0,2,17,17,1.0,30,35,5,2,8,1,1,0,0.1765,2,2,1,0.4138,9,1
org.jfree.data.general.DefaultValueDataset,class,0,2,4,4,1.0,10,8,3,0,1,0,0,0,0.25,2,0,1,0.7647,3,0
org.jfree.data.general.HeatMapDataset,interface,0,0,10,10,,10,10,0,0,0,0,0,45,0.4,1,0,0,0.0,0,0
org.jfree.data.general.HeatMapUtilities,class,1,0,3,3,,7,14,6,2,14,0,0,3,0.6667,1,0,0,0.0,0,0
org.jfree.data.general.KeyedValueDataset,interface,0,0,0,0,,0,0,2,0,0,0,0,0,,3,0,2,1.0,0,0
org.jfree.data.general.KeyedValues2DDataset,interface,0,0,0,0,,0,0,1,0,0,0,0,0,,4,0,3,1.0,0,0
org.jfree.data.general.KeyedValuesDataset,interface,0,0,0,0,,0,0,1,0,0,0,0,0,,4,0,3,1.0,0,0
org.jfree.data.general.PieDataset,interface,0,0,0,0,,0,0,2,0,0,0,0,0,,3,1,2,1.0,0,0
org.jfree.data.general.Series,class,1,7,21,18,1.0,33,41,3,2,2,0,0,166,0.0893,1,6,0,0.0,4,1
org.jfree.data.general.SeriesChangeEvent,class,0,1,0,0,1.0,1,0,0,0,0,0,0,0,,1,0,0,0.0,0,0
org.jfree.data.general.SeriesChangeListener,interface,0,0,1,1,,1,1,1,1,0,0,0,0,1.0,1,0,0,0.0,0,0
org.jfree.data.general.SeriesDataset,interface,0,0,3,3,,3,3,1,0,0,0,0,3,0.3333,2,1,1,0.5714,0,0
org.jfree.data.general.SeriesException,class,0,1,0,0,1.0,1,0,0,0,0,0,0,0,,1,0,0,0.0,0,0
org.jfree.data.general.SubSeriesDataset,class,0,2,21,21,1.0,32,31,5,1,0,1,1,22,0.8571,5,0,4,0.5116,21,2
org.jfree.data.general.ValueDataset,interface,0,0,0,0,,0,0,2,0,0,0,0,0,,2,0,1,1.0,0,0
org.jfree.data.general.WaferMapDataset,class,0,7,17,17,1.0,29,30,2,1,0,1,1,116,0.1765,2,0,1,0.4333,0,0
org.jfree.data.io.CSV,class,0,2,4,1,1.0,16,16,2,1,2,0,0,4,0.375,1,0,0,0.0,0,0
org.jfree.data.jdbc.JDBCCategoryDataset,class,0,3,4,4,0.6667,36,22,1,0,0,0,0,4,0.3333,3,0,2,0.8857,0,0
org.jfree.data.jdbc.JDBCPieDataset,class,0,2,3,3,0.5,25,19,1,0,0,0,0,1,0.5,3,0,2,0.8966,0,0
org.jfree.data.jdbc.JDBCXYDataset,class,0,6,16,16,1.0,76,38,5,0,0,0,0,78,0.1719,4,0,3,0.5294,9,2
org.jfree.data.resources.DataPackageResources,class,0,1,1,1,1.0,1,1,0,0,0,0,0,0,,1,0,0,0.0,1,0
org.jfree.data.resources.DataPackageResources_de,class,0,1,1,1,1.0,1,1,0,0,0,0,0,0,,1,0,0,0.0,1,0
org.jfree.data.resources.DataPackageResources_es,class,0,1,1,1,1.0,1,1,0,0,0,0,0,0,,1,0,0,0.0,1,0
org.jfree.data.resources.DataPackageResources_fr,class,0,1,1,1,1.0,1,1,0,0,0,0,0,0,,1,0,0,0.0,1,0
org.jfree.data.resources.DataPackageResources_pl,class,0,1,1,1,1.0,1,1,0,0,0,0,0,0,,1,0,0,0.0,1,0
org.jfree.data.resources.DataPackageResources_ru,class,0,1,1,1,1.0,1,1,0,0,0,0,0,0,,1,0,0,0.0,1,0
org.jfree.data.statistics.BoxAndWhiskerCalculator,class,1,0,4,4,,21,21,3,0,11,0,0,6,0.625,1,0,0,0.0,0,0
org.jfree.data.statistics.BoxAndWhiskerCategoryDataset,interface,0,0,18,18,,18,18,1,0,0,0,0,153,0.5,4,0,3,0.3333,0,0
org.jfree.data.statistics.BoxAndWhiskerItem,class,0,10,11,11,1.0,25,14,0,0,0,0,0,27,0.0909,1,0,0,0.0,2,0
org.jfree.data.statistics.BoxAndWhiskerXYDataset,interface,0,0,11,11,,11,11,1,0,0,0,0,55,0.8182,4,0,3,0.5417,0,0
org.jfree.data.statistics.DefaultBoxAndWhiskerCategoryDataset,class,0,7,43,42,1.0,89,76,7,2,25,1,1,0,0.1473,2,0,1,0.2182,33,1
org.jfree.data.statistics.DefaultBoxAndWhiskerXYDataset,class,0,8,26,26,1.0,48,45,5,2,15,1,1,137,0.1474,4,0,3,0.3953,21,3
org.jfree.data.statistics.DefaultMultiValueCategoryDataset,class,0,4,18,18,1.0,43,44,6,2,3,2,2,0,0.1556,2,0,1,0.4,17,1
org.jfree.data.statistics.DefaultStatisticalCategoryDataset,class,0,13,28,27,1.0,85,55,6,1,6,1,1,0,0.1369,2,0,1,0.3,19,1
org.jfree.data.statistics.HistogramBin,class,0,4,7,7,1.0,14,8,0,0,0,0,0,5,0.1429,1,0,0,0.0,2,0
org.jfree.data.statistics.HistogramDataset,class,0,3,20,15,1.0,44,40,5,1,11,1,1,128,0.21,5,0,4,0.5122,11,3
org.jfree.data.statistics.HistogramType,class,0,5,4,3,0.4,12,6,0,0,0,0,0,0,0.25,1,0,0,0.0,3,0
org.jfree.data.statistics.MeanAndStandardDeviation,class,0,3,6,6,1.0,14,8,0,0,0,0,0,0,0.1667,1,0,0,0.0,2,0
org.jfree.data.statistics.MultiValueCategoryDataset,interface,0,0,2,2,,2,2,1,0,0,0,0,1,0.5,4,0,3,0.8182,0,0
org.jfree.data.statistics.Regression,class,1,0,6,5,,37,16,2,1,10,0,0,15,0.5,1,0,0,0.0,0,0
org.jfree.data.statistics.SimpleHistogramBin,class,0,6,9,9,1.0,34,11,0,0,0,0,0,2,0.1389,1,0,0,0.0,3,0
org.jfree.data.statistics.SimpleHistogramDataset,class,0,4,26,26,1.0,42,50,6,1,14,0,0,203,0.1615,5,0,4,0.35,18,10
org.jfree.data.statistics.StatisticalCategoryDataset,interface,0,0,4,4,,4,4,1,0,0,0,0,6,0.5,4,0,3,0.6923,0,0
org.jfree.data.statistics.Statistics,class,1,0,13,13,,47,28,1,0,9,0,0,78,0.3077,1,0,0,0.0,0,0
org.jfree.data.time.DateRange,class,0,3,5,5,1.0,9,12,1,1,2,0,0,6,,2,0,1,0.6875,1,1
org.jfree.data.time.Day,class,0,8,17,17,1.0,32,39,2,0,4,0,0,0,0.1176,2,0,1,0.2273,12,9
org.jfree.data.time.DynamicTimeSeriesCollection,class,0,22,38,32,0.8636,90,63,9,3,8,4,4,475,0.1684,5,0,4,0.3559,16,3
org.jfree.data.time.DynamicTimeSeriesCollection.ValueSequence,class,0,1,2,2,0.0,5,2,0,0,0,0,0,0,0.75,1,0,0,0.0,0,0
org.jfree.data.time.FixedMillisecond,class,0,2,14,14,1.0,24,16,1,0,0,0,0,0,0.2143,2,0,1,0.2222,13,10
org.jfree.data.time.Hour,class,0,7,18,18,0.7143,38,45,3,1,5,1,1,0,0.1111,2,0,1,0.2174,12,9
org.jfree.data.time.Millisecond,class,0,9,13,13,0.6667,36,34,3,2,5,1,1,24,0.1923,2,0,1,0.3158,11,8
org.jfree.data.time.Minute,class,0,8,16,16,0.75,38,44,4,2,7,1,1,0,0.125,2,0,1,0.2727,11,8
org.jfree.data.time.Month,class,0,5,18,16,1.0,50,40,3,1,2,0,0,1,0.1481,2,0,1,0.2174,12,9
org.jfree.data.time.MovingAverage,class,0,0,6,6,,33,23,8,3,40,0,0,15,0.4524,1,0,0,0.0,0,0
org.jfree.data.time.Quarter,class,0,9,16,16,0.5556,38,37,3,1,2,0,0,0,0.125,2,0,1,0.2381,12,9
org.jfree.data.time.RegularTimePeriod,class,1,2,19,19,0.0,30,28,2,1,3,0,0,171,0.1368,1,10,0,0.0,11,8
org.jfree.data.time.Second,class,0,8,14,14,0.75,41,41,5,2,5,1,1,13,0.1429,2,0,1,0.3,11,8
org.jfree.data.time.SimpleTimePeriod,class,0,3,7,7,1.0,20,11,1,0,4,0,0,9,0.2857,1,0,0,0.0,5,0
org.jfree.data.time.TimePeriod,interface,0,0,2,2,,2,2,0,0,0,0,0,1,,1,0,0,0.0,0,0
org.jfree.data.time.TimePeriodAnchor,class,0,5,4,3,0.4,11,6,0,0,0,0,0,0,0.25,1,0,0,0.0,3,0
org.jfree.data.time.TimePeriodFormatException,class,0,0,0,0,,1,0,0,0,0,0,0,0,,1,0,0,0.0,0,0
org.jfree.data.time.TimePeriodValue,class,0,3,7,7,1.0,18,13,2,1,1,1,1,11,0.1429,1,0,0,0.0,4,0
org.jfree.data.time.TimePeriodValues,class,0,12,25,23,0.9167,54,50,4,2,7,0,0,206,0.0971,2,0,1,0.4048,4,4
org.jfree.data.time.TimePeriodValuesCollection,class,0,4,22,21,1.0,45,58,9,3,44,1,1,113,0.1439,5,0,4,0.5,13,2
org.jfree.data.time.TimeSeries,class,0,11,56,49,1.0,158,116,7,4,39,0,0,916,0.0783,2,0,1,0.2329,4,4
org.jfree.data.time.TimeSeriesCollection,class,0,5,36,35,1.0,78,86,14,4,43,1,1,220,0.0808,5,0,4,0.3333,21,6
org.jfree.data.time.TimeSeriesDataItem,class,0,3,7,7,1.0,17,14,2,1,1,1,1,11,0.2143,1,0,0,0.0,4,0
org.jfree.data.time.TimeSeriesTableModel,class,0,4,8,8,1.0,28,17,4,3,0,2,2,22,0.2917,1,0,0,0.0,8,0
org.jfree.data.time.TimeTableXYDataset,class,0,4,29,28,1.0,50,63,11,3,14,2,2,202,0.1336,5,0,4,0.383,18,6
org.jfree.data.time.Week,class,0,7,19,16,0.7143,58,46,4,1,5,0,0,39,0.1579,2,0,1,0.2083,12,9
org.jfree.data.time.Year,class,0,6,14,14,0.6667,29,27,2,0,0,0,0,0,0.1429,2,0,1,0.2632,12,9
org.jfree.data.time.ohlc.OHLC,class,0,4,6,6,1.0,13,7,1,0,4,0,0,0,0.1667,1,0,0,0.0,2,0
org.jfree.data.time.ohlc.OHLCItem,class,0,0,6,6,,11,13,3,1,4,0,0,15,,2,0,1,0.5385,0,0
org.jfree.data.time.ohlc.OHLCSeries,class,0,0,5,5,,8,17,5,2,9,0,0,10,0.3,3,0,2,0.8649,2,2
org.jfree.data.time.ohlc.OHLCSeriesCollection,class,0,2,27,26,1.0,41,60,9,3,23,1,1,151,0.163,4,0,3,0.3721,19,4
org.jfree.data.xml.CategoryDatasetHandler,class,0,1,4,4,1.0,9,11,5,1,1,1,1,0,0.3125,2,0,1,0.5556,2,0
org.jfree.data.xml.CategorySeriesHandler,class,0,3,4,4,1.0,9,16,5,2,2,2,2,0,0.375,1,0,0,0.0,2,0
org.jfree.data.xml.DatasetReader,class,0,0,4,4,,8,12,4,0,2,0,0,6,0.5,1,0,0,0.0,0,0
org.jfree.data.xml.DatasetTags,interface,0,6,0,0,0.0,0,0,0,0,0,0,0,0,,1,0,0,0.0,0,0
org.jfree.data.xml.ItemHandler,class,0,4,6,6,1.0,11,10,5,1,2,1,1,9,0.2083,1,0,0,0.0,2,0
org.jfree.data.xml.KeyHandler,class,0,3,5,3,1.0,9,16,4,2,0,2,2,4,0.25,1,0,0,0.0,3,0
org.jfree.data.xml.PieDatasetHandler,class,0,1,4,4,1.0,9,11,5,1,1,1,1,0,0.3125,2,0,1,0.5556,2,0
org.jfree.data.xml.RootHandler,class,0,1,5,5,1.0,10,11,1,0,0,0,0,0,0.2,1,2,0,0.0,1,0
org.jfree.data.xml.ValueHandler,class,0,3,5,3,1.0,11,15,3,2,0,2,2,0,0.25,1,0,0,0.0,3,0
org.jfree.data.xy.AbstractIntervalXYDataset,class,1,0,4,4,,8,9,2,0,0,0,0,6,1.0,4,16,3,0.8333,4,0
org.jfree.data.xy.AbstractXYDataset,class,1,0,3,3,,5,6,3,0,0,0,0,3,0.6667,3,11,2,0.85,3,0
org.jfree.data.xy.AbstractXYZDataset,class,1,0,1,1,,2,3,2,0,0,0,0,0,1.0,4,3,3,0.9524,1,0
org.jfree.data.xy.CategoryTableXYDataset,class,0,2,26,26,1.0,33,54,8,2,1,2,2,103,0.1603,5,0,4,0.4468,15,3
org.jfree.data.xy.DefaultHighLowDataset,class,0,7,18,18,1.0,34,28,3,0,2,0,0,129,0.3148,4,0,3,0.5,16,2
org.jfree.data.xy.DefaultIntervalXYDataset,class,0,2,19,19,1.0,44,36,2,0,0,0,0,31,0.2237,5,0,4,0.4412,18,9
org.jfree.data.xy.DefaultOHLCDataset,class,0,2,19,19,1.0,29,31,3,1,0,1,1,59,0.4211,4,0,3,0.4722,17,3
org.jfree.data.xy.DefaultTableXYDataset,class,0,5,34,32,1.0,73,76,10,3,21,1,1,175,0.0966,5,0,4,0.3704,17,4
org.jfree.data.xy.DefaultWindDataset,class,0,2,9,9,1.0,28,22,4,0,4,0,0,4,0.4444,4,0,3,0.6667,8,2
org.jfree.data.xy.WindDataItem,class,0,3,5,5,1.0,14,7,0,0,0,0,0,0,0.4,1,0,0,0.0,2,0
org.jfree.data.xy.DefaultXYDataset,class,0,2,14,14,1.0,32,27,4,0,0,0,0,0,0.1964,4,0,3,0.4815,12,7
org.jfree.data.xy.DefaultXYZDataset,class,0,2,16,16,1.0,36,30,4,0,0,0,0,8,0.2031,5,0,4,0.4483,14,8
org.jfree.data.xy.IntervalXYDataset,interface,0,0,8,8,,8,8,1,0,0,0,0,28,1.0,4,0,3,0.619,0,0
org.jfree.data.xy.IntervalXYDelegate,class,0,6,20,18,1.0,43,39,8,2,9,1,1,90,0.13,1,0,0,0.0,7,0
org.jfree.data.xy.IntervalXYZDataset,interface,0,0,6,6,,6,6,1,0,0,0,0,15,1.0,5,0,4,0.7143,0,0
org.jfree.data.xy.MatrixSeries,class,0,2,10,10,1.0,20,18,1,0,0,0,0,25,0.2333,2,1,1,0.6552,2,2
org.jfree.data.xy.MatrixSeriesCollection,class,0,2,14,14,1.0,27,35,4,1,10,0,0,0,0.2381,5,0,4,0.5625,9,3
org.jfree.data.xy.NormalizedMatrixSeries,class,0,3,5,5,0.6667,6,10,1,0,0,0,0,0,0.4,3,0,2,0.8387,3,3
org.jfree.data.xy.OHLCDataItem,class,0,7,8,8,1.0,17,11,1,0,1,0,0,14,0.25,1,0,0,0.0,2,0
org.jfree.data.xy.OHLCDataset,interface,0,0,10,10,,10,10,1,0,0,0,0,45,1.0,4,0,3,0.5652,0,0
org.jfree.data.xy.TableXYDataset,interface,0,0,1,1,,1,1,1,0,0,0,0,0,,4,0,3,0.9286,0,0
org.jfree.data.xy.Vector,class,0,2,6,6,1.0,11,9,0,0,0,0,0,0,0.1667,1,0,0,0.0,2,0
org.jfree.data.xy.VectorDataItem,class,0,0,5,5,,8,9,3,0,4,0,0,10,,2,0,1,0.5833,0,0
org.jfree.data.xy.VectorSeries,class,0,0,8,8,,10,16,3,1,4,0,0,28,0.2812,3,0,2,0.7949,3,3
org.jfree.data.xy.VectorSeriesCollection,class,0,1,17,17,1.0,24,40,6,1,16,0,0,0,0.2745,4,0,3,0.4516,13,6
org.jfree.data.xy.VectorXYDataset,interface,0,0,3,3,,3,3,2,0,0,0,0,3,1.0,4,0,3,0.8125,0,0
org.jfree.data.xy.WindDataset,interface,0,0,2,2,,2,2,1,0,0,0,0,1,1.0,4,0,3,0.8667,0,0
org.jfree.data.xy.XIntervalDataItem,class,0,0,4,4,,8,9,2,0,3,0,0,6,,2,0,1,0.6364,0,0
org.jfree.data.xy.XIntervalSeries,class,0,0,7,7,,9,13,3,1,4,0,0,21,0.2857,3,0,2,0.8205,2,2
org.jfree.data.xy.XIntervalSeriesCollection,class,0,1,19,19,1.0,28,42,5,1,17,0,0,0,0.2807,5,0,4,0.4865,14,6
org.jfree.data.xy.XYBarDataset,class,0,2,21,21,1.0,29,33,5,2,0,1,1,4,0.2024,5,0,4,0.4167,18,9
org.jfree.data.xy.XYCoordinate,class,0,2,6,6,1.0,17,7,0,0,0,0,0,0,0.3333,1,0,0,0.0,4,0
org.jfree.data.xy.XYDataItem,class,0,3,11,11,1.0,23,22,1,0,1,0,0,25,0.1212,1,0,0,0.0,5,0
org.jfree.data.xy.XYDataset,interface,0,0,6,6,,6,6,2,0,0,0,0,15,0.8333,3,7,2,0.5385,0,0
org.jfree.data.xy.XYDatasetTableModel,class,0,1,8,8,0.0,17,18,3,2,0,1,1,8,0.2188,1,0,0,0.0,7,0
org.jfree.data.xy.XYDomainInfo,interface,0,0,1,1,,1,1,1,0,0,0,0,0,1.0,1,0,0,0.0,0,0
org.jfree.data.xy.XYInterval,class,0,5,6,6,1.0,14,6,0,0,0,0,0,5,0.1667,1,0,0,0.0,1,0
org.jfree.data.xy.XYIntervalDataItem,class,0,0,6,6,,12,13,2,0,5,0,0,15,,2,0,1,0.5385,0,0
org.jfree.data.xy.XYIntervalSeries,class,0,0,9,9,,11,17,3,1,6,0,0,36,0.2778,3,0,2,0.7805,2,2
org.jfree.data.xy.XYIntervalSeriesCollection,class,0,1,21,21,1.0,31,48,4,1,12,0,0,28,0.2857,5,0,4,0.4324,16,8
org.jfree.data.xy.XYRangeInfo,interface,0,0,1,1,,1,1,1,1,0,0,0,0,1.0,1,0,0,0.0,0,0
org.jfree.data.xy.XYSeries,class,0,9,43,37,0.8889,107,83,4,1,27,0,0,591,0.1434,2,0,1,0.2833,4,4
org.jfree.data.xy.XYSeriesCollection,class,0,3,35,35,1.0,82,87,12,2,31,1,1,209,0.1061,5,0,4,0.3519,21,5
org.jfree.data.xy.XYZDataset,interface,0,0,2,2,,2,2,1,0,0,0,0,1,1.0,4,2,3,0.8667,0,0
org.jfree.data.xy.XisSymbolic,interface,0,0,3,3,,3,3,0,0,0,0,0,3,0.3333,1,0,0,0.0,0,0
org.jfree.data.xy.YInterval,class,0,3,4,4,1.0,10,4,0,0,0,0,0,0,0.25,1,0,0,0.0,1,0
org.jfree.data.xy.YIntervalDataItem,class,0,0,4,4,,8,9,2,0,3,0,0,6,,2,0,1,0.6364,0,0
org.jfree.data.xy.YIntervalSeries,class,0,0,7,7,,9,13,3,1,4,0,0,21,0.2857,3,0,2,0.8205,2,2
org.jfree.data.xy.YIntervalSeriesCollection,class,0,1,19,19,1.0,28,40,4,1,13,0,0,0,0.2807,5,0,4,0.4865,14,6
org.jfree.data.xy.YWithXInterval,class,0,3,4,4,1.0,10,4,0,0,0,0,0,0,0.25,1,0,0,0.0,1,0
org.jfree.data.xy.YisSymbolic,interface,0,0,3,3,,3,3,0,0,0,0,0,3,0.3333,1,0,0,0.0,0,0
